PARAMETER,YEAR,LAT,LON,JAN,FEB,MAR,APR,MAY,JUN,JUL,AUG,SEP,OCT,NOV,DEC,ANN
T2M_RANGE,2020,26,80.625,11.82,14.87,15.26,16.13,15.07,9.59,6.66,6.29,8.22,12.65,14.59,15.06,12.17
T2M_RANGE,2020,26,81.25,11.6,14.45,15.17,16.03,15.2,9.05,6.23,6.04,7.61,12.07,14.56,15.05,11.91
T2M_RANGE,2020,26,81.875,11.55,14.55,15.05,15.91,14.98,8.48,5.89,5.9,7.23,11.32,14.35,15.15,11.68
T2M_RANGE,2020,26,82.5,11.57,14.4,15.02,15.93,14.83,8.23,5.69,5.92,7,11.37,14.55,15.38,11.65
T2M_RANGE,2020,26,83.125,11.69,14.59,14.87,15.83,14.49,7.81,5.42,5.8,6.76,10.77,14.15,15.4,11.45
T2M_RANGE,2020,26,83.75,12.3,15.06,15,15.69,14.38,7.58,5.3,5.76,6.43,10.17,13.1,15.05,11.3
T2M_RANGE,2020,26,84.375,12.84,15.3,15.19,15.74,14.1,7.61,5.18,5.8,6.15,9.52,12.35,14.28,11.16
T2M_RANGE,2020,26,85,12.91,15.28,15.11,15.62,13.54,7.76,4.98,5.64,6.05,8.89,12.25,13.68,10.96
T2M_RANGE,2020,26,85.625,12.91,15.26,15.08,15.54,13.22,7.87,5.01,5.49,5.97,8.71,12.66,13.86,10.95
T2M_RANGE,2020,26,86.25,12.93,14.95,14.9,15.18,12.78,7.69,4.88,5.32,5.57,8.23,11.85,13.22,10.61
T2M_RANGE,2020,26,86.875,12.42,14.53,14.27,14.47,11.71,6.84,4.67,5.21,5.15,7.91,10.84,11.88,9.97
T2M_RANGE,2020,26,87.5,12.45,14.39,14.14,13.93,11.26,6.73,4.66,5.44,5.01,7.87,10.71,11.43,9.82
T2M_RANGE,2020,26,88.125,11.96,13.93,13.6,13.19,9.78,6,4.45,5.46,4.96,7.66,10.41,11.22,9.37
T2M_RANGE,2020,26.5,80.625,11.9,14.87,15.19,16.24,14.9,9.87,6.71,6.29,8.43,13.89,14.66,15.08,12.32
T2M_RANGE,2020,26.5,81.25,11.64,14.12,14.91,16.17,15.07,9.48,6.3,6.2,7.97,13.1,14.8,15.14,12.06
T2M_RANGE,2020,26.5,81.875,11.5,14.17,14.78,15.94,14.88,8.79,5.86,6.01,7.47,11.61,14.38,15.04,11.69
T2M_RANGE,2020,26.5,82.5,11.44,14.27,14.81,15.82,14.76,8.49,5.86,6.08,7.3,12.23,14.69,15.32,11.74
T2M_RANGE,2020,26.5,83.125,11.62,14.71,14.86,15.58,14.35,7.9,5.54,5.78,6.92,11.44,14.1,15.05,11.47
T2M_RANGE,2020,26.5,83.75,11.96,15.02,14.93,15.42,14.1,7.69,5.32,5.68,6.6,10.67,13.27,14.59,11.26
T2M_RANGE,2020,26.5,84.375,12.32,15.05,15.13,15.53,13.81,7.65,5.12,5.64,6.18,9.68,12.57,13.96,11.04
T2M_RANGE,2020,26.5,85,12.39,14.71,15.11,15.31,13.19,7.55,4.82,5.54,6.03,8.97,12.26,13.46,10.76
T2M_RANGE,2020,26.5,85.625,12.29,14.2,14.82,14.68,12.68,7.57,4.82,5.4,5.84,8.46,12.15,13.18,10.49
T2M_RANGE,2020,26.5,86.25,11.93,13.36,13.95,13.68,11.98,7.46,4.79,5.27,5.46,7.51,10.63,11.57,9.79
T2M_RANGE,2020,26.5,86.875,11.35,12.59,12.51,12.43,10.66,6.63,4.4,5.14,5.05,7.06,9.33,10.15,8.93
T2M_RANGE,2020,26.5,87.5,11.18,12.44,12.16,11.86,10.19,6.53,4.37,5.38,4.96,7.3,9.9,10.36,8.87
T2M_RANGE,2020,26.5,88.125,10.52,11.79,11.62,11.34,8.75,5.72,4.06,5.12,4.54,6.83,8.91,9.62,8.22
T2M_RANGE,2020,27,80.625,12.02,14.71,15.05,16.3,14.98,10.09,6.78,6.41,8.68,14.76,15.15,15.46,12.52
T2M_RANGE,2020,27,81.25,11.95,14.21,14.7,16.06,14.71,9.57,6.3,6.32,8.45,14,15.04,15.31,12.21
T2M_RANGE,2020,27,81.875,11.53,14.11,14.4,15.52,14.26,8.7,5.63,5.92,7.56,12.23,14.29,14.79,11.57
T2M_RANGE,2020,27,82.5,11.63,14.58,14.69,15.71,14.45,8.83,5.67,6.17,8.02,12.97,14.79,14.97,11.86
T2M_RANGE,2020,27,83.125,11.59,14.63,14.77,15.38,14.25,8.07,5.11,5.66,7.04,12.01,14.57,14.71,11.47
T2M_RANGE,2020,27,83.75,11.37,14.21,14.53,15.01,13.82,7.6,5.06,5.58,6.4,10.37,13.55,14.1,10.95
T2M_RANGE,2020,27,84.375,11.53,13.69,14.4,14.6,13.04,7.44,5.11,5.67,6.14,8.98,12.14,13.23,10.48
T2M_RANGE,2020,27,85,11.5,13.07,13.79,13.68,12.08,7.37,4.97,5.77,5.94,8.34,11.13,11.94,9.95
T2M_RANGE,2020,27,85.625,10.99,12.4,12.74,12.38,11.25,7.37,4.83,5.71,5.68,7.93,10.47,11.02,9.39
T2M_RANGE,2020,27,86.25,10.32,11.04,11.5,11.13,10.51,7.03,4.6,5.44,5.4,7.09,9.19,9.54,8.56
T2M_RANGE,2020,27,86.875,9.43,9.97,10.23,9.9,9.14,6.14,4.01,4.98,4.83,6.56,8.16,8.5,7.65
T2M_RANGE,2020,27,87.5,9.61,10.29,10.15,9.81,8.72,6.34,4.31,5.34,4.85,6.99,9.1,9.2,7.88
T2M_RANGE,2020,27,88.125,9.53,10.4,10.18,9.45,8.2,5.94,4.2,5.44,4.66,7.29,8.67,8.62,7.71
T2M_RANGE,2020,27.5,80.625,12.5,14.72,14.89,15.92,14.52,10.1,6.76,6.42,9.09,15.06,14.98,15.49,12.53
T2M_RANGE,2020,27.5,81.25,12.34,14.25,14.51,15.56,13.95,9.54,6.2,6.25,9.04,14.27,14.74,15.2,12.14
T2M_RANGE,2020,27.5,81.875,11.98,14.14,14.31,15.2,13.89,8.88,5.65,6.05,7.94,12.69,14.36,14.92,11.65
T2M_RANGE,2020,27.5,82.5,11.57,13.9,13.99,14.5,13.55,8.81,5.47,6.3,8.16,12.49,13.72,14.15,11.37
T2M_RANGE,2020,27.5,83.125,10.57,12.78,13.41,14.01,13.35,8.14,5.03,5.89,6.94,11.08,12.93,12.96,10.58
T2M_RANGE,2020,27.5,83.75,10.1,12.33,12.8,13.58,12.79,7.64,4.93,5.77,6.23,9.88,12.17,12.78,10.07
T2M_RANGE,2020,27.5,84.375,9.99,11.91,12.64,13.02,11.82,7.19,4.74,5.72,5.76,8.33,10.85,12.17,9.5
T2M_RANGE,2020,27.5,85,9.34,10.67,11.11,11.27,10.26,6.76,4.45,5.58,5.22,7.37,8.78,9.9,8.38
T2M_RANGE,2020,27.5,85.625,9.27,10.34,10.03,9.96,9.45,6.78,4.47,5.44,5.13,7.06,8.13,8.78,7.89
T2M_RANGE,2020,27.5,86.25,9.61,10.06,9.71,9.6,9.47,7.32,5.08,5.94,5.87,7.81,8.94,9.14,8.21
T2M_RANGE,2020,27.5,86.875,10.8,11.29,10.56,8.93,9.04,7.25,5.09,5.87,5.92,8.14,9.78,10.31,8.57
T2M_RANGE,2020,27.5,87.5,10.68,10.8,10.01,9.35,8.92,7.41,5.49,6.72,5.98,8.65,9.98,9.9,8.65
T2M_RANGE,2020,27.5,88.125,10.68,11.12,10.09,8.31,8.12,6.68,5.18,6.5,5.65,8.37,9.62,9.68,8.33
T2M_RANGE,2020,28,80.625,12.71,14.26,14.39,15.52,14.15,10.31,6.81,6.2,9.11,14.91,14.92,15.71,12.41
T2M_RANGE,2020,28,81.25,11.77,13.22,13.64,14.64,13.25,9.26,5.94,5.93,8.27,13.26,14,14.89,11.5
T2M_RANGE,2020,28,81.875,10.25,11.8,12.89,13.37,12.73,8.45,5.33,5.96,6.92,10.46,11.92,12.47,10.2
T2M_RANGE,2020,28,82.5,9.38,10.9,12.09,12.32,11.9,7.94,5.05,5.82,6.41,9.86,11.03,11.27,9.49
T2M_RANGE,2020,28,83.125,8.4,9.65,10.75,11.31,10.96,7.25,4.68,5.66,5.72,8.13,9.58,10.5,8.54
T2M_RANGE,2020,28,83.75,7.82,9.28,10.28,11.15,9.78,6.43,4.32,5.56,5.29,7.57,8.83,9.86,8.01
T2M_RANGE,2020,28,84.375,8.22,9.72,10.19,10.52,8.65,6.14,4.2,5.48,5.04,7.39,8.74,9.59,7.82
T2M_RANGE,2020,28,85,9.74,10.52,9.87,9.82,8.75,6.91,4.72,6.06,5.82,8.14,9,9.68,8.24
T2M_RANGE,2020,28,85.625,10.84,11.87,10.37,9.7,9.29,7.84,5.63,6.97,6.66,8.73,9.97,10.57,9.03
T2M_RANGE,2020,28,86.25,11.24,12.01,10.18,9.44,9.7,9.01,7.05,8.06,7.93,9.84,10.17,10.24,9.56
T2M_RANGE,2020,28,86.875,13.57,14.68,12.31,9.22,9.95,9.69,7.42,8.1,8.36,10.98,12.03,13.3,10.79
T2M_RANGE,2020,28,87.5,12.93,13.35,10.92,9.57,10.65,10.1,8.02,9.38,8.59,11.61,11.91,12.5,10.79
T2M_RANGE,2020,28,88.125,13,13.42,11.34,9.01,9.91,9.66,7.94,9.39,8.45,10.94,11.89,12.78,10.64
T2M_RANGE,2020,28.5,80.625,10.89,11.87,11.98,13.69,12.17,9.64,6.58,5.85,8.32,13.26,13.14,13.89,10.93
T2M_RANGE,2020,28.5,81.25,9.66,10.85,11.48,12.65,11.33,8.49,5.71,5.91,7,11.01,11.74,12,9.81
T2M_RANGE,2020,28.5,81.875,8.56,10.84,11.1,11.56,11.25,8.04,5.25,6.01,6.15,8.96,9.88,10.79,9.02
T2M_RANGE,2020,28.5,82.5,9.92,11.46,11.47,11.03,10.93,8.26,5.52,6.5,6.67,10.08,10.77,11.62,9.51
T2M_RANGE,2020,28.5,83.125,10.48,12.28,11.25,10.63,10.33,7.84,5.97,6.82,7.29,9.89,10.57,11.13,9.53
T2M_RANGE,2020,28.5,83.75,9.97,12.23,11.92,10.32,8.72,6.89,5.33,6.62,6.64,9.08,10.14,9.93,8.97
T2M_RANGE,2020,28.5,84.375,10.38,12.83,11.74,9.7,7.95,6.51,5.4,6.94,6.56,9.13,9.92,9.04,8.83
T2M_RANGE,2020,28.5,85,12.18,13.43,10.37,9.5,9,7.7,6.78,8.62,8.38,10.92,10.7,10.05,9.79
T2M_RANGE,2020,28.5,85.625,13.04,14.03,10.55,8.88,9.34,9.23,8.51,10.06,9.41,11.66,11.67,11.94,10.68
T2M_RANGE,2020,28.5,86.25,13.67,14.94,11.99,9.75,11.12,12.18,10.61,11.73,11.44,14.05,13.35,13.59,12.36
T2M_RANGE,2020,28.5,86.875,14.82,16.26,13.51,10.81,13.07,14,11.4,12.13,12.44,15.5,14.42,14.97,13.6
T2M_RANGE,2020,28.5,87.5,14.7,15.75,12.68,10.37,13.37,14.18,11.44,12.61,12.28,15.79,14.53,15.14,13.57
T2M_RANGE,2020,28.5,88.125,14.96,15.45,12.97,11.04,13.3,14.25,11.48,12.99,12.23,15.3,14.47,15.39,13.65
T2M_RANGE,2020,29,80.625,10.09,11.82,12.09,13.19,12.07,9.53,7,6.46,7.94,12.06,12.61,12.54,10.61
T2M_RANGE,2020,29,81.25,10.35,11.93,12.08,12.12,11.15,8.53,6.23,6.08,7.17,10.29,11.7,12.67,10.02
T2M_RANGE,2020,29,81.875,9.77,11.62,11.32,10.24,10.02,7.93,5.67,6.29,6.86,10.13,10.88,11.13,9.31
T2M_RANGE,2020,29,82.5,10.57,12.39,11.05,9.82,10.16,8.24,6.22,7.24,8.23,10.96,10.06,9.95,9.56
T2M_RANGE,2020,29,83.125,13.1,14.08,11.66,9.69,10.44,9.71,7.94,9.53,10.27,11.73,10.58,10.57,10.76
T2M_RANGE,2020,29,83.75,14.09,16.13,15.06,11.8,10.41,9.61,8.46,10.43,10.99,12.5,12.41,12.59,12.03
T2M_RANGE,2020,29,84.375,15.83,17.79,16,11.87,10.57,10.2,9.38,11.71,11.46,13.81,13.55,13.35,12.95
T2M_RANGE,2020,29,85,15.82,16.99,14.09,11.32,11.17,11.22,10.63,12.56,12.14,14.96,14.42,14.39,13.3
T2M_RANGE,2020,29,85.625,15.12,16.24,12.76,10.52,12.17,12.48,11.83,13.03,12.79,15.57,14.72,15.27,13.54
T2M_RANGE,2020,29,86.25,14.75,16.4,12.95,10.79,14.01,14.61,13.42,14.33,14.33,17.3,15.38,15.84,14.51
T2M_RANGE,2020,29,86.875,15.32,16.8,13.42,11.68,15.6,16.65,14.61,14.79,15.52,18.78,15.72,16.18,15.42
T2M_RANGE,2020,29,87.5,15.29,15.93,13.07,12.11,15.24,16.57,13.77,14.45,14.91,18.63,14.95,15.92,15.07
T2M_RANGE,2020,29,88.125,15.2,15.14,12.78,13.31,15.07,16.65,13.56,14.34,14.54,18.23,14.41,15.43,14.89
T2M_RANGE,2020,29.5,80.625,10.62,11.6,11.36,10.42,9.88,8.39,6.66,6.06,7.82,10.58,11.56,12.63,9.79
T2M_RANGE,2020,29.5,81.25,11.65,13.62,12.5,9.72,9.45,8.5,6.49,6.6,8.58,10.95,11.48,12.16,10.13
T2M_RANGE,2020,29.5,81.875,11.64,14.39,13.3,11.14,11.29,9.74,7.13,7.74,9.03,12.53,12.27,11.91,11
T2M_RANGE,2020,29.5,82.5,14.04,16,13.15,9.77,10.01,9.81,7.75,8.9,10.25,12.24,11,10.39,11.09
T2M_RANGE,2020,29.5,83.125,13.67,16.2,14.98,11.58,11.07,11.22,9.8,11.51,11.93,12.84,13.22,12.71,12.55
T2M_RANGE,2020,29.5,83.75,16.41,17.51,16.67,13.59,11.99,12.41,11.42,12.52,13.67,15.04,14.53,14.14,14.15
T2M_RANGE,2020,29.5,84.375,17.06,17.43,16.05,12.8,11.98,13.12,12.07,13.58,14.2,15.12,14.22,14.37,14.32
T2M_RANGE,2020,29.5,85,15.25,15.92,14.24,12.11,12.07,12.62,12.18,13.74,14.05,14.98,13.87,14.6,13.8
T2M_RANGE,2020,29.5,85.625,14.38,15.74,13.85,11.59,12.74,13.33,13.11,13.86,14.4,15.62,14.56,15.24,14.03
T2M_RANGE,2020,29.5,86.25,14.32,16.12,13.85,11.15,13.59,14.41,13.79,14.22,14.87,16.63,15.34,15.76,14.5
T2M_RANGE,2020,29.5,86.875,15.05,16.21,13.81,11.47,14.02,15.29,14.06,14.2,15.13,17.23,15.4,16.15,14.83
T2M_RANGE,2020,29.5,87.5,14.83,15.25,13.13,11.78,14.05,15.59,13.81,14.33,14.68,17.13,14.36,15.96,14.58
T2M_RANGE,2020,29.5,88.125,14.18,14.4,12.35,11.77,13.77,15.32,13.4,14.02,13.92,16.46,13.67,15.25,14.04
T2M_RANGE,2020,30,80.625,11.98,13.95,11.85,9.18,10.11,9.02,7.57,7.3,10.23,12.29,11.73,11.01,10.5
T2M_RANGE,2020,30,81.25,14.26,16.74,13.38,7.91,9.42,10.56,9.23,9.21,11.97,12.48,11.1,11.66,11.48
T2M_RANGE,2020,30,81.875,14.26,16.4,13.47,10.9,11.25,10.39,8.88,9.44,11.32,13.61,11.57,11.92,11.94
T2M_RANGE,2020,30,82.5,14.12,18.37,16.92,11.91,9.86,9.89,9.43,10.76,11.14,11.75,12.26,11.8,12.33
T2M_RANGE,2020,30,83.125,16.29,20.5,18.23,13.42,11.67,12.89,12.07,13.2,14.13,14.93,14.31,13.84,14.6
T2M_RANGE,2020,30,83.75,16.76,19.48,17.6,13.65,12.1,13.89,13.02,13.91,15.19,15.7,14.64,14.65,15.03
T2M_RANGE,2020,30,84.375,15.11,17.43,15.85,13.37,11.89,12.22,12.13,12.97,13.8,14.76,14.03,14.11,13.96
T2M_RANGE,2020,30,85,14.82,16,15.08,12.89,11.53,12.35,12.61,13.15,14.17,14.55,14.03,14.34,13.79
T2M_RANGE,2020,30,85.625,14.51,15.52,14.85,11.92,11.77,13.82,13.6,13.78,15.23,15.59,15.03,15.01,14.21
T2M_RANGE,2020,30,86.25,14.54,15.8,14.49,10.82,12.26,14.25,13.55,13.9,15.05,16.12,15.65,15.69,14.34
T2M_RANGE,2020,30,86.875,14.65,15.64,14.09,10.92,12.66,14.65,13.69,14.18,14.97,16.24,15.37,15.72,14.4
T2M_RANGE,2020,30,87.5,14.31,14.98,13.56,10.92,12.75,14.81,13.83,14.34,14.65,16,14.6,15.78,14.21
T2M_RANGE,2020,30,88.125,13.94,14.41,12.99,10.61,12.79,14.66,13.5,14.08,14.01,15.44,14.14,15.46,13.84
T2M_RANGE,2021,26,80.625,15.69,17.72,17.56,17.67,13.27,9.63,7.46,6.32,6.39,9.94,12.16,12.2,12.13
T2M_RANGE,2021,26,81.25,15.62,17.79,17.46,17.59,12.64,8.86,7.29,6.13,6.21,9.68,12.28,12.41,11.96
T2M_RANGE,2021,26,81.875,15.52,17.8,17.56,17.84,12.04,8.2,6.73,5.9,5.94,9.46,11.99,12.19,11.72
T2M_RANGE,2021,26,82.5,15.64,17.9,17.66,18.08,11.86,8.09,6.9,5.77,5.82,9.37,12.09,12.43,11.76
T2M_RANGE,2021,26,83.125,15.71,17.78,17.74,18.04,11.54,7.68,6.43,5.5,5.74,8.87,11.83,12.06,11.53
T2M_RANGE,2021,26,83.75,15.61,17.56,17.9,17.89,11.47,7.34,6.3,5.34,5.7,8.42,11.63,11.88,11.38
T2M_RANGE,2021,26,84.375,15.43,17.25,17.77,17.76,11.74,7.13,6.16,5.31,5.63,8.1,11.53,11.93,11.27
T2M_RANGE,2021,26,85,15.25,16.84,17.57,17.8,11.87,7.03,5.87,5.22,5.52,7.74,11.34,12.02,11.13
T2M_RANGE,2021,26,85.625,15.41,16.88,17.68,17.95,11.72,7.08,5.6,5.27,5.5,7.45,11.19,12.14,11.12
T2M_RANGE,2021,26,86.25,14.95,16.49,17.5,17.72,11.44,7.13,5.33,5.24,5.5,7.22,10.58,11.6,10.85
T2M_RANGE,2021,26,86.875,13.79,15.89,17.35,17.33,10.73,6.81,5.22,4.94,5.55,6.95,10,10.62,10.39
T2M_RANGE,2021,26,87.5,13.31,15.72,17.06,17.13,10.32,6.5,5.32,4.96,5.52,6.9,9.77,10.54,10.21
T2M_RANGE,2021,26,88.125,12.9,15.31,16.75,16.96,9.71,6.39,5.39,4.96,5.48,6.66,9.62,10.43,10.01
T2M_RANGE,2021,26.5,80.625,15.71,17.24,17.58,17.76,13.23,9.49,7.58,6.34,5.98,9.83,12.19,12.17,12.06
T2M_RANGE,2021,26.5,81.25,15.73,17.43,17.48,17.86,12.85,8.86,7.45,6.05,5.9,9.57,12,11.77,11.88
T2M_RANGE,2021,26.5,81.875,15.54,17.38,17.47,17.97,12.17,8.06,6.71,5.76,5.64,9.3,11.72,11.41,11.55
T2M_RANGE,2021,26.5,82.5,15.68,17.53,17.43,18.14,12.05,7.9,6.78,5.72,5.63,9.11,11.75,11.54,11.56
T2M_RANGE,2021,26.5,83.125,15.6,17.31,17.3,18.01,11.73,7.45,6.33,5.43,5.54,8.57,11.64,11.73,11.35
T2M_RANGE,2021,26.5,83.75,15.46,17.01,17.26,17.64,11.79,7.1,6.11,5.22,5.48,8.07,11.39,11.74,11.15
T2M_RANGE,2021,26.5,84.375,15.26,16.63,17.28,17.55,12.01,6.99,5.88,5.11,5.36,7.63,10.97,11.61,10.99
T2M_RANGE,2021,26.5,85,15,15.88,17.38,17.58,11.97,6.92,5.61,5,5.2,7.19,10.41,11.53,10.77
T2M_RANGE,2021,26.5,85.625,14.61,15.56,17.24,17.44,11.54,6.91,5.48,5.01,5.21,6.86,10.05,11.25,10.56
T2M_RANGE,2021,26.5,86.25,13.03,14.33,16.18,16.46,11.11,7.17,5.37,5.18,5.27,6.58,9.13,10.22,9.97
T2M_RANGE,2021,26.5,86.875,11.7,13.26,14.82,15.13,10.12,6.77,5.1,4.88,5.3,6.28,8.63,9.12,9.23
T2M_RANGE,2021,26.5,87.5,11.66,13.54,14.93,15.29,9.66,6.57,5.09,4.91,5.41,6.31,8.65,9.17,9.23
T2M_RANGE,2021,26.5,88.125,10.81,13.03,14.88,15.25,8.9,6.05,4.88,4.65,5.12,5.76,7.68,8.34,8.75
T2M_RANGE,2021,27,80.625,16.08,17.2,17.56,17.92,13.29,9.64,7.86,6.25,5.94,10.1,12.48,12.46,12.2
T2M_RANGE,2021,27,81.25,15.96,17.12,17.38,17.93,12.93,8.88,7.31,5.72,5.51,9.56,12.22,12.05,11.85
T2M_RANGE,2021,27,81.875,15.4,16.67,17.16,17.66,12.09,7.67,6.48,5.33,5.39,8.92,11.61,11.32,11.27
T2M_RANGE,2021,27,82.5,15.68,16.99,17.28,17.91,12.17,7.73,6.62,5.29,5.5,8.73,12,11.86,11.44
T2M_RANGE,2021,27,83.125,15.54,16.81,17.1,17.51,11.8,6.96,5.84,4.93,5.13,8.06,11.3,11.8,11.03
T2M_RANGE,2021,27,83.75,15.19,16.65,17.07,17.11,11.81,6.56,5.53,4.81,5.11,7.41,10.41,11.19,10.7
T2M_RANGE,2021,27,84.375,14.38,15.48,16.63,16.79,11.67,6.49,5.43,4.92,5.14,7.08,9.72,10.71,10.34
T2M_RANGE,2021,27,85,13.05,13.95,15.88,16.29,11.2,6.57,5.43,5.06,5.09,6.69,9.21,10.26,9.86
T2M_RANGE,2021,27,85.625,12.13,13.47,14.81,15.31,10.6,6.66,5.41,5.07,5.17,6.3,8.76,9.47,9.4
T2M_RANGE,2021,27,86.25,10.72,12.18,13.85,14.73,10.26,7.02,5.23,4.98,5.25,6.09,7.88,8.43,8.86
T2M_RANGE,2021,27,86.875,9.68,10.92,12.41,13.47,9.11,6.39,4.77,4.5,5.07,5.7,7.25,7.69,8.06
T2M_RANGE,2021,27,87.5,10.3,11.57,13.21,13.95,8.8,6.64,4.95,4.78,5.53,5.79,6.81,7.75,8.31
T2M_RANGE,2021,27,88.125,9.5,11.17,12.96,13.48,8.2,6.2,4.8,4.83,5.59,5.95,7.2,7.83,8.12
T2M_RANGE,2021,27.5,80.625,15.8,16.89,17.4,17.78,13.01,9.64,7.78,6.2,6.01,10.24,12.99,12.87,12.19
T2M_RANGE,2021,27.5,81.25,15.59,16.63,17.09,17.36,12.56,8.69,7.09,5.64,5.61,9.42,12.6,12.58,11.71
T2M_RANGE,2021,27.5,81.875,15.13,16.29,17.12,17.38,12.17,7.56,6.26,5.28,5.53,8.58,11.59,11.8,11.19
T2M_RANGE,2021,27.5,82.5,14.8,15.59,16.39,16.65,11.8,7.24,6.32,5.14,5.56,8.09,11.26,11.45,10.83
T2M_RANGE,2021,27.5,83.125,13.83,15,15.89,15.98,11.42,6.45,5.73,4.97,5.29,7.35,9.72,10.32,10.13
T2M_RANGE,2021,27.5,83.75,13.63,14.87,15.73,16,11.19,6.06,5.45,4.85,5.27,6.65,9.02,9.53,9.82
T2M_RANGE,2021,27.5,84.375,12.84,13.92,15.13,15.73,11.03,5.8,5.07,4.89,5.21,6.22,8.22,9.18,9.41
T2M_RANGE,2021,27.5,85,10.76,11.89,13.51,14.37,10.21,5.77,4.77,4.8,4.93,5.84,7.46,8.11,8.51
T2M_RANGE,2021,27.5,85.625,10.11,11.05,12.41,13.48,9.69,6.19,4.77,4.78,4.92,5.85,7.5,7.73,8.19
T2M_RANGE,2021,27.5,86.25,10.05,10.63,11.89,13.24,9.63,7.25,5.4,5.23,5.91,6.59,8,8.47,8.51
T2M_RANGE,2021,27.5,86.875,11.32,11.26,12.26,12.46,9.23,7.46,5.71,5.56,6.15,6.96,9.53,9.55,8.94
T2M_RANGE,2021,27.5,87.5,10.54,11.02,11.91,12.89,9.15,7.74,6.38,6.04,7.08,7.26,9.14,9.1,9
T2M_RANGE,2021,27.5,88.125,10.35,11.22,11.79,11.95,8.03,6.84,5.78,5.58,6.69,6.94,8.83,8.99,8.56
T2M_RANGE,2021,28,80.625,15.85,16.86,17.4,17.62,13.36,9.35,7.59,6.16,6.19,9.94,12.77,12.9,12.13
T2M_RANGE,2021,28,81.25,15.21,15.76,16.83,16.95,12.42,8.28,6.55,5.59,5.75,8.75,11.44,11.67,11.24
T2M_RANGE,2021,28,81.875,13.46,14.11,15.98,16.06,11.64,7.11,5.89,5.2,5.37,7.38,8.93,9.9,10.06
T2M_RANGE,2021,28,82.5,12.55,13.06,15.01,14.83,10.72,6.59,5.68,4.99,5.14,6.84,8.72,9.5,9.45
T2M_RANGE,2021,28,83.125,11.27,12.1,14.14,14.34,9.8,6.01,5.17,4.85,4.95,6.26,7.82,8.07,8.71
T2M_RANGE,2021,28,83.75,11.37,12.14,13.84,14.44,9.18,5.36,4.75,4.49,4.73,5.86,7.36,7.57,8.4
T2M_RANGE,2021,28,84.375,10.93,11.66,13.28,14.29,9.37,5.37,4.47,4.46,4.93,5.81,6.82,7.56,8.22
T2M_RANGE,2021,28,85,10.74,11.4,12.31,13.53,9.53,6.01,4.79,5.09,5.5,6.33,7.52,8.16,8.39
T2M_RANGE,2021,28,85.625,11.54,12.16,12.18,13.14,9.83,7.35,5.69,5.91,6.23,7.12,9.04,9.4,9.11
T2M_RANGE,2021,28,86.25,11.32,11.82,11.83,12.14,9.89,9.23,7.04,7.03,7.43,7.93,9.43,9.63,9.54
T2M_RANGE,2021,28,86.875,13.95,13.28,13.44,12.16,10.14,9.94,7.92,8.17,8.01,9.39,13.5,11.87,10.96
T2M_RANGE,2021,28,87.5,12.8,12.27,11.53,11.77,10.84,10.18,9.24,8.64,9.3,9.77,12.79,11.28,10.85
T2M_RANGE,2021,28,88.125,13.03,13.01,12.72,11.63,10.25,9.73,9,8.35,9.2,9.26,11.44,11.02,10.7
T2M_RANGE,2021,28.5,80.625,14.4,14.77,16.57,16.6,12.68,8.65,6.75,5.85,5.96,8.47,9.9,10.7,10.92
T2M_RANGE,2021,28.5,81.25,12.85,13.57,15.21,14.97,11.48,7.57,6.04,5.44,5.73,7.36,8.78,9.54,9.85
T2M_RANGE,2021,28.5,81.875,11.79,13.19,14.83,14.52,10.95,7.05,5.68,5.24,5.38,7.32,9.02,9,9.47
T2M_RANGE,2021,28.5,82.5,12.2,13.04,14.35,14.21,10.66,7.61,6.41,6.12,6.05,8.04,9.96,9.64,9.84
T2M_RANGE,2021,28.5,83.125,12.37,12.92,14.03,13.74,10.02,7.44,6.23,6.13,6.32,8.19,10.73,9.92,9.81
T2M_RANGE,2021,28.5,83.75,11,12.25,13.31,12.85,9.22,6.65,5.55,5.36,5.77,7.81,9.15,9.41,9.01
T2M_RANGE,2021,28.5,84.375,10.08,11.84,12.86,12.19,8.79,6.45,5.48,5.32,5.77,8.15,9.34,8.83,8.74
T2M_RANGE,2021,28.5,85,10.95,12.37,12.24,11.76,9.53,7.64,6.56,6.55,6.98,8.35,9.71,9.6,9.33
T2M_RANGE,2021,28.5,85.625,12.88,13.11,11.92,11.3,9.79,9.47,8.03,8.14,8.28,8.96,11.05,11.1,10.32
T2M_RANGE,2021,28.5,86.25,14.72,14.16,12.81,12.06,11.88,12.3,10.2,10.38,9.9,10.96,13.76,12.64,12.13
T2M_RANGE,2021,28.5,86.875,15.95,15.09,13.85,13.3,13.92,14.11,11.43,11.82,11.15,12.57,15.61,13.62,13.52
T2M_RANGE,2021,28.5,87.5,16.12,14.95,12.69,12.57,14.17,14.05,12.48,12.04,11.77,12.67,14.6,13.38,13.45
T2M_RANGE,2021,28.5,88.125,16.02,14.91,13.38,13.16,14.33,14.08,12.78,12.33,12.32,12.73,14.24,13.48,13.64
T2M_RANGE,2021,29,80.625,12.85,14.75,15.85,15.55,12.25,8.98,7.24,6.34,7.44,9.36,10.57,10.61,10.96
T2M_RANGE,2021,29,81.25,13.09,14.47,15.89,15.31,11.25,8.28,6.8,6.09,6.88,8.51,10.54,10.2,10.58
T2M_RANGE,2021,29,81.875,11.45,12.43,13.76,13.87,10.25,7.89,6.65,5.73,6.19,9.05,11.19,10.05,9.86
T2M_RANGE,2021,29,82.5,10.33,11.68,12.46,12.69,10.3,8.87,7.61,6.47,6.81,9.37,10.03,9.66,9.67
T2M_RANGE,2021,29,83.125,11.9,12.77,12.05,10.76,10.38,9.99,9.3,8.03,9.44,10.41,9.99,11.84,10.56
T2M_RANGE,2021,29,83.75,13.7,14.57,14.21,12.3,9.64,9.66,9.68,8.52,9.07,10.91,12.78,12.74,11.46
T2M_RANGE,2021,29,84.375,14.35,15.43,14.92,12.57,10.27,10.72,10.33,9.12,9.76,11.9,13.96,13.1,12.18
T2M_RANGE,2021,29,85,15.48,15.61,14.77,12.51,11.74,11.97,10.97,10.16,10.27,11.57,14.5,13.25,12.71
T2M_RANGE,2021,29,85.625,16.47,15.27,13.92,12.16,13.09,13.42,11.62,11.08,10.95,11.62,14.56,13.51,13.13
T2M_RANGE,2021,29,86.25,17.02,15.43,13.41,12.47,14.86,15.21,12.95,12.54,12.23,13.14,15.73,14.15,14.09
T2M_RANGE,2021,29,86.875,17.4,15.64,13.09,13.64,16.74,16.81,13.99,13.88,13.24,14.62,16.16,14.64,14.98
T2M_RANGE,2021,29,87.5,17.27,15.01,12.92,14.21,16.46,16.3,14.19,13.62,13.23,14.68,14.99,14.12,14.75
T2M_RANGE,2021,29,88.125,16.71,14.58,13.64,15.23,16.58,16.14,14.51,14.12,13.73,14.93,14.12,13.48,14.82
T2M_RANGE,2021,29.5,80.625,12.65,13.26,14.43,14.71,10.48,9.05,6.76,6.27,6.99,9.23,10.8,10.6,10.41
T2M_RANGE,2021,29.5,81.25,12.47,13.09,13.69,13.54,10.39,9.33,7.46,6.82,7.62,10.05,12.27,11.22,10.64
T2M_RANGE,2021,29.5,81.875,12.27,13.31,14.13,13.61,11.2,10.11,8.32,7.48,8.49,11.43,12.89,11.13,11.18
T2M_RANGE,2021,29.5,82.5,11.13,12.76,11.15,10.97,10.55,10.96,9.9,8.35,9.35,10.88,9.91,12.49,10.69
T2M_RANGE,2021,29.5,83.125,13.68,14,13.48,12.62,11.31,12.11,12.09,10.33,10.87,12.05,13.78,14.55,12.56
T2M_RANGE,2021,29.5,83.75,14.88,14.95,15.17,13.81,12.11,12.7,12.78,11.26,10.77,14.04,16.33,13.72,13.53
T2M_RANGE,2021,29.5,84.375,15.72,15.25,15.25,13.35,12.76,13.48,13.62,12.06,11.51,13.39,15.04,13.56,13.74
T2M_RANGE,2021,29.5,85,15.72,14.96,14.49,12.83,12.71,13.72,13.4,11.77,11.42,12.41,14.39,12.92,13.39
T2M_RANGE,2021,29.5,85.625,16.51,15.48,14.49,12.79,13.35,14.54,13.45,11.94,11.88,12.16,14.72,13.09,13.69
T2M_RANGE,2021,29.5,86.25,17.01,15.82,14.67,13.07,14.28,15.35,13.62,12.43,12.51,12.85,15.88,13.66,14.25
T2M_RANGE,2021,29.5,86.875,17.57,15.79,14.24,13.5,15.28,15.8,13.72,12.77,12.55,13.67,16.32,14.03,14.59
T2M_RANGE,2021,29.5,87.5,17.31,14.97,13.41,13.53,15.78,15.74,14.21,12.86,12.71,13.88,15.23,13.56,14.43
T2M_RANGE,2021,29.5,88.125,16.67,14.46,13.18,13.81,15.75,15.43,14.26,13.09,13,13.65,14.32,12.97,14.21
T2M_RANGE,2021,30,80.625,11.63,13.01,12.93,13.16,10.04,10.08,8.09,7.72,8.47,12.17,13.03,12.38,11.04
T2M_RANGE,2021,30,81.25,12.18,12.88,11.82,10.76,10.31,11.32,9.87,9.72,9.91,12.2,13.91,12.54,11.44
T2M_RANGE,2021,30,81.875,12.91,13.41,13.06,12.62,11.39,11.46,10.47,9.54,10.2,12.57,12.83,12.81,11.93
T2M_RANGE,2021,30,82.5,13.06,13.57,12.83,12.16,9.47,11.53,11.45,10.06,10.91,11.99,13.52,15.33,12.15
T2M_RANGE,2021,30,83.125,14.65,15.04,14.68,13.17,11.75,13.97,14.13,12.67,12.67,14.95,17.36,14.01,14.08
T2M_RANGE,2021,30,83.75,15.52,15.56,15.04,13.42,13.27,14.45,14.69,13.12,12.54,14.58,16.36,14.47,14.41
T2M_RANGE,2021,30,84.375,15.31,14.61,14.51,13.33,11.83,13.05,13.43,11.53,10.85,13.52,16.37,13.15,13.45
T2M_RANGE,2021,30,85,15.14,14.82,14.71,13.72,11.31,13.21,13.21,11.52,10.72,13.24,15.44,12.9,13.32
T2M_RANGE,2021,30,85.625,16.16,15.77,15.32,13.61,12.52,14.49,13.84,12.36,11.87,12.8,15.39,13.29,13.94
T2M_RANGE,2021,30,86.25,16.87,15.87,15.2,13.01,13.38,14.78,13.88,12.41,12.25,12.73,16.47,13.62,14.19
T2M_RANGE,2021,30,86.875,17.11,15.57,15.01,12.99,14.23,15.01,13.96,12.59,12.54,13.25,16.6,13.58,14.36
T2M_RANGE,2021,30,87.5,16.82,15.03,14.09,12.46,14.7,15.1,14.13,12.72,12.57,13.3,15.89,13.36,14.18
T2M_RANGE,2021,30,88.125,16.49,14.63,13.53,12.23,14.62,14.86,14.06,12.64,12.7,12.97,14.98,13.11,13.9
T2M_RANGE,2022,26,80.625,12.28,16.18,17.95,17.83,14.43,11.55,8.43,6.82,6.84,9.56,12.43,13.82,12.31
T2M_RANGE,2022,26,81.25,12.77,16.19,17.96,17.98,14.19,11.68,8.53,6.85,6.68,9.5,12.4,14.21,12.38
T2M_RANGE,2022,26,81.875,12.97,16.16,18.11,18.02,14.01,11.9,8.44,6.94,6.51,9.42,12.61,14.61,12.45
T2M_RANGE,2022,26,82.5,13,16.12,18.26,18.29,13.91,11.98,8.52,7,6.42,9.2,12.41,14.44,12.43
T2M_RANGE,2022,26,83.125,12.66,15.84,18.33,18.65,13.86,11.51,8.28,7.12,6.24,9.07,12.63,14.5,12.36
T2M_RANGE,2022,26,83.75,12.34,15.56,18.23,18.51,13.68,11.12,8.34,7.36,6.38,9.26,13.1,14.47,12.34
T2M_RANGE,2022,26,84.375,12.48,15.47,18.04,18.13,13.18,10.78,8.57,7.92,6.69,9.89,13.8,14.62,12.44
T2M_RANGE,2022,26,85,12.62,15.33,17.8,17.74,12.53,10.69,8.59,8.11,6.65,10.07,13.96,14.61,12.37
T2M_RANGE,2022,26,85.625,12.9,15.27,17.73,17.4,12.09,10.57,8.14,8.17,6.6,10.02,13.84,14.52,12.25
T2M_RANGE,2022,26,86.25,12.59,14.85,17.23,16.8,11.66,9.6,7.02,7.69,6.33,9.16,13.24,14.37,11.69
T2M_RANGE,2022,26,86.875,11.47,13.83,16.61,15.9,11.08,8.03,6.17,6.61,5.8,8.21,11.28,12.76,10.62
T2M_RANGE,2022,26,87.5,11.33,13.32,16.28,15.4,10.65,7.82,6.25,6.66,5.62,8.13,10.88,12.31,10.37
T2M_RANGE,2022,26,88.125,11.22,12.96,15.87,14.41,9.82,7.06,5.95,6.29,5.29,8.02,10.44,11.69,9.9
T2M_RANGE,2022,26.5,80.625,11.99,15.29,17.56,17.74,14.2,11.6,8.39,7.05,7.06,9.39,12.14,13.94,12.17
T2M_RANGE,2022,26.5,81.25,11.9,15.17,17.72,17.93,14.06,11.89,8.71,7.24,6.88,9.29,12,13.67,12.18
T2M_RANGE,2022,26.5,81.875,11.69,14.82,17.71,18.04,13.95,11.92,8.78,7.24,6.61,9.22,11.89,13.66,12.11
T2M_RANGE,2022,26.5,82.5,11.77,15.05,17.93,18.27,13.91,12.01,8.93,7.42,6.77,8.98,11.76,13.62,12.18
T2M_RANGE,2022,26.5,83.125,11.77,14.91,17.85,18.52,13.82,11.71,8.79,7.53,6.44,8.89,11.92,13.84,12.14
T2M_RANGE,2022,26.5,83.75,11.85,14.75,17.65,18.37,13.57,11.53,8.57,7.5,6.26,8.85,12.04,13.71,12.03
T2M_RANGE,2022,26.5,84.375,11.95,14.64,17.51,17.89,12.98,11.12,8.37,7.37,6.27,9.01,12.64,13.9,11.95
T2M_RANGE,2022,26.5,85,12.08,14.51,17.11,17.14,12.28,10.74,7.97,7.25,6.19,9.17,12.96,13.89,11.75
T2M_RANGE,2022,26.5,85.625,11.94,14.12,16.46,16.28,11.62,10.15,7.56,7.34,6.17,9.19,12.77,13.69,11.42
T2M_RANGE,2022,26.5,86.25,11.19,13,15.28,15.29,11.19,9.17,6.77,7.1,6.06,8.48,11.72,12.76,10.65
T2M_RANGE,2022,26.5,86.875,9.95,11.72,13.97,13.84,10.53,7.5,5.85,6.18,5.54,7.57,9.56,10.86,9.41
T2M_RANGE,2022,26.5,87.5,10.14,11.51,14.02,13.71,10.41,7.27,5.88,6.25,5.42,7.44,9.58,10.85,9.36
T2M_RANGE,2022,26.5,88.125,9.44,10.93,13.55,12.42,9.2,6.38,5.24,5.51,4.94,6.86,8.31,9.45,8.5
T2M_RANGE,2022,27,80.625,12.02,14.96,17.67,17.84,14.16,12.13,8.56,7.6,7.33,9.31,12.18,14.27,12.31
T2M_RANGE,2022,27,81.25,11.58,14.67,17.62,18.04,13.98,12.16,8.97,7.84,6.99,8.93,11.84,13.6,12.16
T2M_RANGE,2022,27,81.875,10.98,14.14,17.26,18.06,13.72,11.92,8.93,7.52,6.48,8.66,11.28,12.85,11.8
T2M_RANGE,2022,27,82.5,11.55,14.5,17.47,18.52,13.8,12.1,9.17,8.01,6.88,8.56,11.4,13.03,12.06
T2M_RANGE,2022,27,83.125,11.82,14.36,17.33,18.19,13.44,11.87,8.86,7.68,6.31,8.28,11.35,13.02,11.85
T2M_RANGE,2022,27,83.75,11.43,13.92,16.77,17.6,13.03,11.6,8.28,7.02,5.86,8.04,10.73,12.22,11.35
T2M_RANGE,2022,27,84.375,11.11,13.29,16.08,16.57,12.41,10.94,7.61,6.57,5.82,8.09,10.41,11.84,10.87
T2M_RANGE,2022,27,85,10.8,12.4,15.07,15.44,11.55,10.07,7.27,6.49,5.91,8.32,10.79,11.98,10.49
T2M_RANGE,2022,27,85.625,10.28,11.64,13.85,14.28,10.71,9.25,7.1,6.59,5.88,8.36,10.88,11.83,10.04
T2M_RANGE,2022,27,86.25,9.2,10.58,12.6,13.26,10.1,8.34,6.56,6.27,5.73,7.73,9.69,10.55,9.21
T2M_RANGE,2022,27,86.875,8.19,9.71,11.27,11.69,9.28,6.91,5.63,5.52,5.02,6.71,7.8,8.67,8.02
T2M_RANGE,2022,27,87.5,8.38,9.78,11.72,11.87,9.45,6.91,5.82,5.72,5.26,6.73,7.98,9.13,8.22
T2M_RANGE,2022,27,88.125,8.38,9.64,11.37,10.15,8.39,6.09,5.42,5.53,5.15,7.08,7.6,8.29,7.75
T2M_RANGE,2022,27.5,80.625,11.84,14.42,17.27,17.85,13.88,12.51,8.84,8.38,7.65,9.09,12.13,14.38,12.33
T2M_RANGE,2022,27.5,81.25,11.5,14.27,17.08,17.68,13.59,12.38,9.23,8.41,7.22,8.65,11.49,13.48,12.06
T2M_RANGE,2022,27.5,81.875,11.17,13.9,16.85,17.61,13.36,12.38,9.11,7.89,6.61,8.36,10.76,12.81,11.72
T2M_RANGE,2022,27.5,82.5,11.51,13.55,16.02,16.77,12.77,11.85,9.02,8.08,6.75,7.94,10.1,11.9,11.34
T2M_RANGE,2022,27.5,83.125,10.66,12.68,14.98,16.13,12.41,11.41,8.39,7.15,6,7.46,9.24,10.93,10.6
T2M_RANGE,2022,27.5,83.75,10.07,12.2,14.31,15.96,12.2,10.89,7.52,6.37,5.67,7.52,8.89,10.73,10.18
T2M_RANGE,2022,27.5,84.375,9.59,11.49,13.85,15.16,11.65,9.71,6.56,5.92,5.57,7.36,8.34,9.94,9.58
T2M_RANGE,2022,27.5,85,8.62,9.71,12.29,13.55,10.3,8.4,6.17,5.62,5.42,7.05,7.93,9.31,8.69
T2M_RANGE,2022,27.5,85.625,8.1,9.24,11.2,12.06,9.3,7.85,6.21,5.63,5.45,7,8.05,9.16,8.26
T2M_RANGE,2022,27.5,86.25,8.65,9.8,10.87,11.58,8.86,7.85,6.61,6.23,6.12,7.71,8.42,9.13,8.47
T2M_RANGE,2022,27.5,86.875,9.89,11.29,11.08,10.97,8.93,8.17,6.52,6.04,6.13,7.75,9.53,10.42,8.88
T2M_RANGE,2022,27.5,87.5,9.43,10.41,11.09,11.59,8.91,7.96,7.03,6.95,6.58,8.31,9.7,9.87,8.97
T2M_RANGE,2022,27.5,88.125,9.69,11.14,10.71,9.87,8.15,6.68,6.31,6.25,6.01,8.19,9.42,9.37,8.47
T2M_RANGE,2022,28,80.625,11.85,13.97,17.06,18.2,14,13.43,9.1,8.8,7.65,8.83,11.8,13.83,12.36
T2M_RANGE,2022,28,81.25,10.94,13.15,15.78,16.99,13.28,12.61,9.12,8.25,6.8,8.05,10.26,12.04,11.42
T2M_RANGE,2022,28,81.875,9.84,11.68,13.91,15.64,12.47,11.48,8.82,7.42,6.12,7.18,7.86,9.62,10.16
T2M_RANGE,2022,28,82.5,9.41,11.02,12.84,14.5,11.36,10.27,8.17,7.16,5.83,6.63,7.87,9.74,9.55
T2M_RANGE,2022,28,83.125,8.44,9.83,11.71,13.73,10.34,9.42,6.83,6.22,5.35,6.27,7.44,9.16,8.72
T2M_RANGE,2022,28,83.75,7.78,9.26,11.48,13.21,9.49,8.2,5.62,5.52,4.95,6.19,7.32,8.58,8.12
T2M_RANGE,2022,28,84.375,8.05,9.39,11.71,12.62,8.72,7.18,5.38,5.17,5.02,6.41,7.09,7.72,7.86
T2M_RANGE,2022,28,85,9.34,9.84,11.39,12.26,8.74,7.38,5.86,5.89,5.74,7.16,7.75,8.51,8.31
T2M_RANGE,2022,28,85.625,10.3,11.07,12.03,11.81,9.32,8.42,6.65,6.74,6.6,8.37,9.29,10.23,9.22
T2M_RANGE,2022,28,86.25,10.57,11.78,11.97,11.04,9.42,9.66,7.81,8.09,7.85,9.21,9.91,10.28,9.78
T2M_RANGE,2022,28,86.875,13.09,14.3,12.68,10.9,10.02,11.1,8.26,8.06,8.71,10.36,12.52,14.09,11.15
T2M_RANGE,2022,28,87.5,12.17,12.9,12.53,12.93,10.61,10.86,9.46,9.42,9.06,10.42,12.23,12.89,11.28
T2M_RANGE,2022,28,88.125,11.94,13.49,12.24,11.57,10.32,9.91,9.13,9.01,8.58,10.05,11.96,12.15,10.84
T2M_RANGE,2022,28.5,80.625,10.17,11.69,14.52,17.01,13.56,13.1,8.82,8.44,7.1,7.53,9.12,10.72,10.97
T2M_RANGE,2022,28.5,81.25,9.12,10.45,13.06,15.73,12.12,11.64,8.42,7.48,6.38,6.9,7.76,9.32,9.85
T2M_RANGE,2022,28.5,81.875,8.63,10.16,12.02,14.87,11.26,10.46,7.57,6.66,6.04,6.62,7.9,9.18,9.27
T2M_RANGE,2022,28.5,82.5,9.51,10.72,12.44,14.04,10.71,10.62,7.85,7.22,6.69,7.51,8.95,9.94,9.67
T2M_RANGE,2022,28.5,83.125,10.84,12.13,12.94,13.09,10.16,10.19,7.28,7.32,6.55,8.01,10.03,10.95,9.94
T2M_RANGE,2022,28.5,83.75,10.58,11.66,12.83,11.01,8.8,8.45,6.25,6.45,6.23,7.28,9.25,10.08,9.05
T2M_RANGE,2022,28.5,84.375,10.48,11.34,13.38,10.44,7.84,7.62,6.06,6.37,6.08,7.78,9.33,9.47,8.83
T2M_RANGE,2022,28.5,85,11.67,12.57,12.39,11.11,8.9,9.07,7.34,7.91,7.28,8.36,9.56,10.6,9.71
T2M_RANGE,2022,28.5,85.625,12.16,13.56,12.25,10.46,9.77,10.5,8.76,9.32,8.76,9.71,11.12,12.32,10.71
T2M_RANGE,2022,28.5,86.25,13.18,14.38,13.72,11.57,11.95,13.57,10.87,11.33,11.3,12.16,13.25,14.03,12.6
T2M_RANGE,2022,28.5,86.875,14.72,15.32,14.9,13.16,13.67,15.41,12.02,12.4,13,13.66,14.57,15.72,14.04
T2M_RANGE,2022,28.5,87.5,14.16,15.05,14.77,14.47,14.15,15.12,12.59,12.47,12.82,13.13,14.23,15.44,14.02
T2M_RANGE,2022,28.5,88.125,14.1,15.2,14.93,14.54,14.39,14.72,13.14,12.74,12.61,13.02,14.2,14.99,14.04
T2M_RANGE,2022,29,80.625,9.84,11.86,14.78,17.21,13.37,12.68,8.77,8.33,7.35,8.01,9.13,10.39,10.96
T2M_RANGE,2022,29,81.25,9.51,11.79,13.98,16.59,12.13,11.86,8.02,7.4,6.67,7.63,9.06,10.33,10.4
T2M_RANGE,2022,29,81.875,9.55,10.85,12.62,13.48,10.2,10.42,7.41,6.76,6.48,7.9,9.39,10.34,9.6
T2M_RANGE,2022,29,82.5,9.89,11.18,13.11,12.49,10.11,11.05,8.15,7.77,7.33,8.12,9.59,9.67,9.86
T2M_RANGE,2022,29,83.125,13.82,14.55,13.59,11.34,10.96,11.89,9.49,9.51,9.2,8.7,9.8,11.12,11.14
T2M_RANGE,2022,29,83.75,14.5,16.19,15.54,11.32,10.61,11.99,9.76,9.86,9.04,9.93,12.22,13.01,11.97
T2M_RANGE,2022,29,84.375,14.87,17.42,17.21,11.12,10.96,12.72,10.39,10.55,9.82,10.56,12.96,14.13,12.7
T2M_RANGE,2022,29,85,14.38,17.39,15.42,11.38,11.89,13.48,11.22,11.23,10.68,11.23,13.4,14.86,13.02
T2M_RANGE,2022,29,85.625,13.94,16,13.78,12.04,13.07,14.52,12.12,12.42,11.68,11.74,13.97,15.47,13.38
T2M_RANGE,2022,29,86.25,14.36,15.27,14.97,14.02,15.12,16.66,13.79,14.03,13.73,13.4,14.88,16.51,14.72
T2M_RANGE,2022,29,86.875,15.3,15.64,16.18,15.96,16.47,18.47,15.14,15.28,15.61,14.94,15.15,16.68,15.9
T2M_RANGE,2022,29,87.5,14.88,15.47,15.67,16.09,16.02,17.93,14.69,14.6,15.22,14.98,14.47,16.01,15.5
T2M_RANGE,2022,29,88.125,14.57,15.41,16.14,16.68,16.21,17.49,14.97,14.71,14.97,15.3,14.03,15.11,15.46
T2M_RANGE,2022,29.5,80.625,10.35,11.72,13.45,15.33,11.42,11.86,8.03,7.45,7.03,7.89,9.29,10.62,10.35
T2M_RANGE,2022,29.5,81.25,10.87,12.68,13.62,14.17,10.88,11.78,7.98,7.61,7.37,8.29,10.4,11.55,10.58
T2M_RANGE,2022,29.5,81.875,11,12.57,14.96,14.5,11.24,12.3,8.81,8.24,8.15,9.84,11.5,11.66,11.22
T2M_RANGE,2022,29.5,82.5,13.25,14.75,14.73,11.78,10.79,11.87,9.58,9.31,8.44,8.85,9.69,10.6,11.11
T2M_RANGE,2022,29.5,83.125,14.34,15.01,15.26,10.98,11.78,13.56,11.59,11.39,10.13,10.77,12.45,12.74,12.49
T2M_RANGE,2022,29.5,83.75,15.6,17.54,16.33,12.53,12.28,14.71,12.42,12.12,11.13,12.81,13.9,14.02,13.76
T2M_RANGE,2022,29.5,84.375,15.23,18.06,16.44,12.05,12.7,15.25,13.12,12.6,11.88,11.16,13.48,14.05,13.81
T2M_RANGE,2022,29.5,85,13.97,16.4,15.02,12.37,12.28,14.68,13.38,12.56,11.65,11.05,13.28,14.34,13.4
T2M_RANGE,2022,29.5,85.625,13.64,15.29,14.89,12.99,13.36,15.56,13.89,13.19,12.22,11.79,14.13,15.45,13.86
T2M_RANGE,2022,29.5,86.25,13.8,14.86,15.24,13.22,14.84,17.16,14.39,14.11,13.55,13.14,15.08,16.45,14.65
T2M_RANGE,2022,29.5,86.875,14.45,15.33,15.64,14.17,15.39,18.17,14.78,14.51,14.46,13.9,15.29,16.69,15.23
T2M_RANGE,2022,29.5,87.5,13.93,14.96,14.92,14.77,15.53,17.67,14.76,14.46,14.42,14.06,14.35,16.09,14.99
T2M_RANGE,2022,29.5,88.125,13.18,14.47,14.97,14.73,15.47,17.17,14.98,14.32,14.17,14.08,13.79,15.15,14.71
T2M_RANGE,2022,30,80.625,12.26,13.36,14.49,13.6,11.07,11.82,8.36,8.24,8.12,9.35,10.14,10.68,10.94
T2M_RANGE,2022,30,81.25,13.04,16.24,13.79,11.85,11.19,12.51,9.71,9.45,9.36,9.61,10.87,11.93,11.6
T2M_RANGE,2022,30,81.875,13.17,14.6,15.33,14.31,11.81,13.63,10.7,9.76,9.31,10.25,11.25,12.09,12.16
T2M_RANGE,2022,30,82.5,15.29,14.33,16.82,10.77,10.66,12.48,11,10.32,9.55,10.67,11.55,11.83,12.1
T2M_RANGE,2022,30,83.125,15.37,16.42,17.47,11.67,13.02,15.67,13.65,13.04,11.88,12.19,13.6,14.43,14.02
T2M_RANGE,2022,30,83.75,15.85,17.64,17.12,12.17,13.36,16.11,14.19,13.47,12.3,11.65,13.91,14.76,14.36
T2M_RANGE,2022,30,84.375,14.6,16.05,16.5,12.48,11.35,13.97,12.91,11.65,10.67,11.14,13.13,13.98,13.19
T2M_RANGE,2022,30,85,14.01,15.25,15.8,13.15,11.02,14.14,13.3,11.99,10.88,11.2,13.36,14.33,13.19
T2M_RANGE,2022,30,85.625,13.91,14.88,15.67,12.69,12.64,16.15,14.12,13.45,12.47,12.17,14.64,15.59,14.03
T2M_RANGE,2022,30,86.25,13.93,14.73,15.13,11.7,13.62,17.35,14.42,14.25,13.44,12.75,15.52,16.49,14.44
T2M_RANGE,2022,30,86.875,13.6,14.62,14.97,11.91,14.5,17.97,15.13,14.68,14.18,13.34,15.62,16.42,14.74
T2M_RANGE,2022,30,87.5,12.95,14.37,14.16,12.55,14.89,17.34,15.26,14.68,14.13,13.41,15.08,16.03,14.57
T2M_RANGE,2022,30,88.125,12.43,14.12,13.85,12.55,14.77,16.93,15.54,14.69,13.9,13.29,14.64,15.36,14.34
T2M_RANGE,2023,26,80.625,13.9,17.24,14.93,15.34,13.92,10.33,7.45,6.9,6.82,12.47,12.24,12.47,11.97
T2M_RANGE,2023,26,81.25,14.33,17.32,14.76,15.46,13.89,10.68,7.52,6.73,6.53,12.15,12.24,12.52,11.98
T2M_RANGE,2023,26,81.875,14.86,17.49,14.81,15.56,14.16,10.86,7.83,6.61,6.6,11.96,12.39,12.77,12.12
T2M_RANGE,2023,26,82.5,14.92,17.46,15.07,15.78,14.2,11.02,7.64,6.55,6.79,11.82,12.59,13.06,12.21
T2M_RANGE,2023,26,83.125,14.89,17.46,15.2,15.95,14.17,11.23,7.93,6.63,6.95,11.37,12.78,13.3,12.29
T2M_RANGE,2023,26,83.75,14.87,17.46,15.27,16.07,14.34,11.4,8.17,6.91,7.01,10.89,12.79,13.43,12.35
T2M_RANGE,2023,26,84.375,15,17.38,15.25,16.26,14.38,11.62,8.18,7.1,6.77,10.58,12.67,13.46,12.35
T2M_RANGE,2023,26,85,15.09,17.07,15.29,16.36,14.3,11.83,7.5,6.58,6.08,9.64,12.07,13.26,12.05
T2M_RANGE,2023,26,85.625,15.27,16.76,15.4,16.49,14.2,12,6.88,6.35,5.65,8.94,11.46,12.98,11.83
T2M_RANGE,2023,26,86.25,15.27,16.05,15.2,16.36,13.95,12.01,6.58,6.21,5.39,8.54,10.53,12.2,11.49
T2M_RANGE,2023,26,86.875,14.43,15.39,14.74,16.1,13.54,11.37,6.11,5.88,5.22,8.19,9.71,11.13,10.95
T2M_RANGE,2023,26,87.5,14.24,15.23,14.61,16.05,13.57,11.34,6.17,6.01,5.24,8.07,9.8,11.04,10.92
T2M_RANGE,2023,26,88.125,13.53,14.95,14.39,15.78,13.19,10.24,5.91,5.75,5.25,7.8,9.67,10.86,10.58
T2M_RANGE,2023,26.5,80.625,13.98,17.16,14.79,15.4,13.8,10.43,7.15,6.71,6.75,12.15,12.02,12.59,11.88
T2M_RANGE,2023,26.5,81.25,14.11,17.04,14.81,15.47,14,10.85,7.39,6.55,6.47,11.27,12,12.63,11.85
T2M_RANGE,2023,26.5,81.875,14.46,17.07,15.03,15.65,14.13,11.01,7.74,6.42,6.39,10.7,12.09,12.79,11.92
T2M_RANGE,2023,26.5,82.5,14.44,16.94,15.3,15.91,14.13,11.19,7.66,6.45,6.54,11.01,12.52,13.26,12.08
T2M_RANGE,2023,26.5,83.125,14.52,16.99,15.43,16.19,14.09,11.54,7.96,6.4,6.59,10.97,12.61,13.51,12.2
T2M_RANGE,2023,26.5,83.75,14.49,16.84,15.28,16.3,14.27,11.74,7.94,6.48,6.47,10.45,12.46,13.49,12.15
T2M_RANGE,2023,26.5,84.375,14.63,16.62,15.24,16.5,14.39,11.96,7.95,6.54,6.21,9.98,12.19,13.27,12.09
T2M_RANGE,2023,26.5,85,14.63,16.2,15.15,16.51,14.13,12.11,7.21,6.28,5.92,9.29,11.54,12.74,11.78
T2M_RANGE,2023,26.5,85.625,14.34,15.69,14.92,16.04,13.73,11.96,6.53,6.07,5.66,8.58,11,12.26,11.37
T2M_RANGE,2023,26.5,86.25,13.5,14.29,14.28,15.19,13.23,11.61,6.41,5.98,5.53,7.78,9.78,11.3,10.71
T2M_RANGE,2023,26.5,86.875,12.14,13.07,13.1,14.23,12.48,10.54,5.92,5.63,5.35,7.11,8.42,9.93,9.8
T2M_RANGE,2023,26.5,87.5,12.12,13.25,13.26,14.34,12.63,10.37,5.86,5.53,5.3,7.21,8.85,10.23,9.89
T2M_RANGE,2023,26.5,88.125,11.45,12.67,13.02,13.88,12.08,9.03,5.25,5.16,4.86,6.47,7.74,9.27,9.22
T2M_RANGE,2023,27,80.625,14.26,17.36,15.04,15.72,14.01,10.81,7.15,6.96,6.74,11.61,12.21,13.1,12.05
T2M_RANGE,2023,27,81.25,13.93,16.97,15.06,15.64,14.19,11.07,7.47,6.56,6.53,10.83,11.78,12.91,11.88
T2M_RANGE,2023,27,81.875,13.72,16.38,14.93,15.54,14.11,11.16,7.46,6.09,6.35,9.9,11.28,12.72,11.6
T2M_RANGE,2023,27,82.5,13.92,16.48,15.27,15.94,14.24,11.63,7.86,6.34,6.6,10.57,11.98,13.05,11.96
T2M_RANGE,2023,27,83.125,14.03,16.42,15.18,16.18,14.2,11.88,7.6,5.88,6.24,10.45,11.91,12.94,11.88
T2M_RANGE,2023,27,83.75,13.68,16.05,14.67,16.17,14.08,11.98,7.26,5.8,5.99,9.47,11.26,12.69,11.56
T2M_RANGE,2023,27,84.375,13.38,15.05,14.19,15.83,13.93,12.07,7.33,5.91,5.99,8.59,10.73,12.1,11.23
T2M_RANGE,2023,27,85,13.04,14.19,13.75,15.16,13.45,12,6.9,5.91,5.97,8,10.31,11.38,10.81
T2M_RANGE,2023,27,85.625,12.44,13.95,13.18,14.26,12.68,11.33,6.23,5.86,5.72,7.5,9.57,10.9,10.27
T2M_RANGE,2023,27,86.25,11.58,12.73,12.41,13.5,11.92,10.45,6.01,5.58,5.58,6.84,8.28,9.75,9.53
T2M_RANGE,2023,27,86.875,10.38,10.98,11.26,12.28,10.98,9.11,5.59,5.18,5.15,6.15,7.06,8.17,8.51
T2M_RANGE,2023,27,87.5,10.41,11.57,11.88,12.42,11.24,9.04,5.73,5.32,5.39,6.49,7.67,8.89,8.82
T2M_RANGE,2023,27,88.125,10.06,11.14,11.82,11.97,10.54,8.12,5.29,5.22,5.44,6.31,7.11,8.49,8.44
T2M_RANGE,2023,27.5,80.625,14.29,17.14,15.02,15.72,14.14,11.07,7.49,7.02,6.81,11.29,12.25,13.24,12.09
T2M_RANGE,2023,27.5,81.25,13.8,16.46,14.89,15.73,14.25,11.3,7.74,6.71,6.62,10.8,11.96,13.17,11.92
T2M_RANGE,2023,27.5,81.875,13.4,15.86,14.78,15.82,14.31,11.8,7.59,6.17,6.4,9.75,11.42,12.65,11.63
T2M_RANGE,2023,27.5,82.5,13.04,15.17,14.2,15.21,13.87,11.86,7.76,6.23,6.4,9.98,11.18,12.08,11.39
T2M_RANGE,2023,27.5,83.125,12.18,14.44,13.61,14.77,13.73,11.9,7.04,5.7,6.14,9.15,10.53,11.63,10.87
T2M_RANGE,2023,27.5,83.75,11.96,14.5,13.31,14.58,13.63,11.78,6.59,5.61,6.03,8.3,9.86,11.4,10.6
T2M_RANGE,2023,27.5,84.375,11.74,13.95,12.86,14.18,13.47,11.73,6.35,5.45,5.89,7.43,8.69,10.62,10.17
T2M_RANGE,2023,27.5,85,10.64,12.33,11.76,13.26,12.45,10.97,6.12,5.21,5.45,6.61,7.5,9.23,9.27
T2M_RANGE,2023,27.5,85.625,10.31,11.93,11.14,12.76,11.46,10.17,5.8,5.3,5.24,6.49,7.05,8.77,8.84
T2M_RANGE,2023,27.5,86.25,11.25,11.5,10.71,12.47,11.05,9.59,5.96,5.66,5.94,6.97,7.43,8.68,8.91
T2M_RANGE,2023,27.5,86.875,12.23,11.97,11.53,11.49,10.32,9.07,6.18,5.96,6.06,7.51,8.21,9.73,9.17
T2M_RANGE,2023,27.5,87.5,11.29,11.14,11.11,11.94,10.55,9.21,6.74,6.38,6.88,7.82,9.04,9.36,9.27
T2M_RANGE,2023,27.5,88.125,11.49,11.19,11.05,10.71,9.28,8.09,5.97,6.03,6.79,7.48,8.47,9.6,8.83
T2M_RANGE,2023,28,80.625,14.27,16.77,14.91,16.09,14.72,11.61,7.62,6.82,6.87,10.93,12.46,13.43,12.18
T2M_RANGE,2023,28,81.25,12.89,15.08,14.11,15.44,14.19,11.76,7.59,6.27,6.24,9.47,11.2,12.25,11.35
T2M_RANGE,2023,28,81.875,11.37,13.14,12.99,14.36,13.49,11.78,7.37,5.68,5.94,7.88,9.38,10.64,10.31
T2M_RANGE,2023,28,82.5,11.13,12.39,12.25,13.43,12.7,11.22,7.03,5.43,5.89,7.78,8.74,9.76,9.79
T2M_RANGE,2023,28,83.125,9.89,11.6,11.27,12.63,11.96,10.94,6.16,5.1,5.61,6.93,7.66,8.86,9.03
T2M_RANGE,2023,28,83.75,9.49,11.53,11.14,12.87,11.51,10.1,5.6,4.9,5.32,6.66,7.07,8.41,8.69
T2M_RANGE,2023,28,84.375,9.72,11.53,10.91,12.86,11.18,9.45,5.33,4.85,5.38,6.4,6.84,8.43,8.55
T2M_RANGE,2023,28,85,10.54,11.73,10.69,12.57,11.09,9.5,5.8,5.35,5.93,6.83,7.4,8.9,8.84
T2M_RANGE,2023,28,85.625,11.98,12.66,11.29,12.53,11.06,9.92,6.54,6.19,6.64,7.73,8.72,10.21,9.6
T2M_RANGE,2023,28,86.25,12.13,12.3,10.89,11.84,11.16,10.68,7.32,7.36,8.07,8.62,9.25,10.21,9.97
T2M_RANGE,2023,28,86.875,13.82,14.44,12.84,11.49,10.87,11.02,8.02,8.26,8.88,9.89,10.61,12.57,11.04
T2M_RANGE,2023,28,87.5,13.39,12.95,11.32,12.03,11.73,11.66,9.14,8.8,9.69,9.97,10.69,11.67,11.07
T2M_RANGE,2023,28,88.125,13.78,13.36,11.95,11.19,10.78,10.83,8.79,8.94,9.77,9.62,10.59,12.18,10.97
T2M_RANGE,2023,28.5,80.625,12.09,14.77,13.6,15.03,14.05,11.8,7.13,6.1,6.48,9.63,11.13,11.86,11.11
T2M_RANGE,2023,28.5,81.25,10.42,12.79,12.45,13.48,12.78,11.27,7.13,5.68,6.1,8.36,9.81,10.9,10.07
T2M_RANGE,2023,28.5,81.875,9.64,11.93,11.63,12.86,12.36,10.86,6.55,5.26,5.95,7.63,8.31,9.41,9.34
T2M_RANGE,2023,28.5,82.5,10.62,12.13,11.63,12.69,12.27,11.27,6.97,5.92,6.7,8.18,9.02,9.73,9.74
T2M_RANGE,2023,28.5,83.125,10.9,12.72,11.09,11.68,11.53,10.94,6.78,5.95,6.96,7.8,8.96,10.16,9.6
T2M_RANGE,2023,28.5,83.75,10.58,12.1,11.06,11.53,10.71,9.77,6.08,5.42,6.68,7.14,8.66,9.73,9.1
T2M_RANGE,2023,28.5,84.375,10.33,11.66,10.84,11.38,9.81,8.62,5.81,5.61,6.56,7.3,8.8,9.75,8.85
T2M_RANGE,2023,28.5,85,11.46,12.05,10.26,10.99,10.09,9.7,7.17,6.99,7.67,8,9.18,10.78,9.51
T2M_RANGE,2023,28.5,85.625,13.22,13.51,10.54,10.19,10.23,10.87,8.96,8.65,9.27,9.13,10.4,12.33,10.59
T2M_RANGE,2023,28.5,86.25,14.3,15.01,11.79,11.78,12.34,13.5,11.04,10.81,11.75,11.34,12.04,13.61,12.42
T2M_RANGE,2023,28.5,86.875,15.09,15.9,12.81,13.36,14.24,15.33,11.94,12.03,13.13,12.67,12.82,14.6,13.64
T2M_RANGE,2023,28.5,87.5,15.74,15.68,12.12,13.08,14.76,15.51,12.64,12.15,13.14,12.54,12.33,14.51,13.67
T2M_RANGE,2023,28.5,88.125,16.01,15.39,12.57,13.47,14.8,15.48,12.58,12.46,13.41,12.41,12.33,14.38,13.76
T2M_RANGE,2023,29,80.625,11.35,14.2,12.78,13.97,13.2,11.6,7.14,6.01,7.17,9.87,10.69,11.63,10.77
T2M_RANGE,2023,29,81.25,11.14,13.73,12.44,13.41,12.49,11.17,6.93,6.08,6.78,8.88,9.67,11.06,10.29
T2M_RANGE,2023,29,81.875,10.7,12.32,10.9,11.68,10.8,10.25,6.65,6.02,6.79,8.58,9.19,10.03,9.47
T2M_RANGE,2023,29,82.5,9.94,11.59,10.01,10.91,10.78,10.46,7.19,6.72,7.63,9.02,9.76,9.81,9.47
T2M_RANGE,2023,29,83.125,11.39,12.48,10.75,10.03,10.5,11.24,8.67,8.1,9.69,9.59,10.2,11.4,10.32
T2M_RANGE,2023,29,83.75,13.01,14.62,12.9,12.36,10.56,11.05,9.17,8.74,9.95,10.41,11.82,13.14,11.45
T2M_RANGE,2023,29,84.375,14.19,15.59,13.65,12.73,10.89,11.81,10.35,9.74,10.99,10.74,12.28,14.03,12.22
T2M_RANGE,2023,29,85,14.72,16.02,12.85,11.51,11.59,13.36,11.44,10.76,11.59,10.89,12.32,14.56,12.61
T2M_RANGE,2023,29,85.625,15.38,16.1,11.98,10.96,12.47,14.89,12.5,11.67,12.27,11.07,12.39,14.98,13.03
T2M_RANGE,2023,29,86.25,15.78,16.44,11.84,12.33,14.7,16.69,13.88,12.96,14,12.62,13.19,15.47,14.14
T2M_RANGE,2023,29,86.875,16.47,16.17,11.55,14.11,16.77,18.26,14.7,13.81,15.54,14.14,13.25,15.82,15.04
T2M_RANGE,2023,29,87.5,16.57,15.28,11.56,14.78,16.9,17.88,14.32,13.43,15.21,14.24,12.21,15.27,14.8
T2M_RANGE,2023,29,88.125,16.09,14.61,12.35,15.95,17.24,17.67,14.16,13.55,15.19,14.46,12.28,14.56,14.84
T2M_RANGE,2023,29.5,80.625,11.64,12.98,10.89,12.35,11.48,10.72,6.64,5.9,7.11,9.09,9.83,10.74,9.92
T2M_RANGE,2023,29.5,81.25,12.09,13.1,10.5,11.43,10.72,10.62,7,6.72,8.07,9.29,10.28,11.79,10.11
T2M_RANGE,2023,29.5,81.875,12.01,13.44,10.91,11.98,11.28,11.39,7.77,7.41,9.08,10.41,11.75,12.49,10.8
T2M_RANGE,2023,29.5,82.5,11.65,12.19,9.11,9.73,10.26,10.87,8.5,8.18,9.7,9.94,11.03,12.36,10.28
T2M_RANGE,2023,29.5,83.125,13.23,13.74,11.96,11.31,11.02,12.49,11.27,10.47,11.45,11.24,12.66,13.1,11.98
T2M_RANGE,2023,29.5,83.75,13.68,15.02,13.99,13.66,12.01,13.39,12.64,11.67,12.54,12.48,13.3,14.14,13.19
T2M_RANGE,2023,29.5,84.375,14.43,15.71,14.06,12.8,11.97,14.27,13.24,12.45,13.13,11.87,12.52,14.22,13.37
T2M_RANGE,2023,29.5,85,14.45,15.28,12.84,11.93,12.25,14.45,13.13,12.12,12.79,11.39,11.99,14,13.04
T2M_RANGE,2023,29.5,85.625,15.17,15.87,12.58,11.89,12.96,15.45,13.54,12.27,13.05,11.63,12.67,14.62,13.46
T2M_RANGE,2023,29.5,86.25,15.75,16.55,12.71,12.22,13.79,16.71,13.86,12.64,14,12.48,13.44,15.2,14.09
T2M_RANGE,2023,29.5,86.875,16.35,16.52,12.24,13.1,15.08,17.6,14.03,12.59,14.59,13.13,13.03,15.57,14.47
T2M_RANGE,2023,29.5,87.5,16.41,15.44,11.72,13.61,15.82,17.59,14.03,12.68,14.56,13.11,11.67,15.19,14.31
T2M_RANGE,2023,29.5,88.125,15.79,14.81,11.49,13.9,16.11,17.32,13.9,12.7,14.34,12.85,11.6,14.56,14.11
T2M_RANGE,2023,30,80.625,11.25,12.94,10.01,11.03,10.21,10.11,7.2,6.9,8.69,10.59,11.04,11.45,10.09
T2M_RANGE,2023,30,81.25,11.62,13.29,9.44,9.43,9.72,10.23,9.33,9.28,10.76,10.26,10.28,12.31,10.48
T2M_RANGE,2023,30,81.875,12.23,13.48,10.01,10.98,10.84,11.31,9.57,9.1,10.85,11.53,11.66,12.79,11.18
T2M_RANGE,2023,30,82.5,12.67,13.27,10.64,10.12,9.39,10.9,10.02,9.97,10.94,10.7,12.57,13.48,11.21
T2M_RANGE,2023,30,83.125,13.66,15.34,12.97,11.56,11.47,13.64,13.04,12.56,13.52,12.43,14.16,14.87,13.25
T2M_RANGE,2023,30,83.75,14.14,15.34,14.13,12.7,12.13,14.71,13.97,13.26,13.99,12.54,13.67,14.95,13.78
T2M_RANGE,2023,30,84.375,13.71,14.23,13.3,13.05,11.45,12.92,12.39,11.8,12.52,11.94,12.8,13.76,12.81
T2M_RANGE,2023,30,85,13.94,14.14,13.24,13.11,11.73,13.18,12.49,11.62,12.43,12,12.8,13.84,12.87
T2M_RANGE,2023,30,85.625,14.9,15.29,13.47,12.52,12.29,14.84,13.37,12.25,13.44,12.4,13.54,14.48,13.55
T2M_RANGE,2023,30,86.25,15.56,16,13.33,11.88,12.71,15.91,13.45,12.47,14.01,12.3,13.71,14.87,13.83
T2M_RANGE,2023,30,86.875,16.05,15.89,13.36,12.17,13.81,16.83,13.81,12.71,14.57,12.48,13.5,14.81,14.15
T2M_RANGE,2023,30,87.5,16.16,15.41,12.7,12.24,14.66,17.1,14.08,12.78,14.52,12.09,12.59,14.55,14.06
T2M_RANGE,2023,30,88.125,15.78,14.95,12.24,12.02,14.76,16.99,13.92,12.82,14.29,11.72,12.2,14.31,13.82
T2M_RANGE,2024,26,80.625,14.12,15.03,17.15,15.72,14.57,11.88,8.18,6.43,6.34,10.31,13.34,14.99,12.33
T2M_RANGE,2024,26,81.25,14.06,14.99,17.24,15.85,14.51,11.8,7.58,6.24,6.16,9.96,13.25,14.92,12.2
T2M_RANGE,2024,26,81.875,14.11,15.08,17.3,15.96,14.39,11.81,6.85,5.95,6.07,9.03,12.62,14.61,11.97
T2M_RANGE,2024,26,82.5,14.16,15.33,17.31,16.05,14.27,11.87,7.05,6.11,6.07,9.35,13.05,14.69,12.1
T2M_RANGE,2024,26,83.125,14.15,15.33,17.31,16.1,14.18,11.97,6.41,5.99,6.02,8.76,12.56,14.38,11.91
T2M_RANGE,2024,26,83.75,14.1,15.34,17.35,16.22,13.9,12.04,6.6,6.14,6.02,8.7,12.4,14.27,11.91
T2M_RANGE,2024,26,84.375,14.18,15.5,17.2,16.42,13.55,12.08,7.03,6.36,6.35,9.28,12.91,14.34,12.08
T2M_RANGE,2024,26,85,14.15,15.51,16.98,16.83,13.2,12.09,7.49,6.52,6.68,9.46,12.9,14.26,12.15
T2M_RANGE,2024,26,85.625,14.11,15.51,16.76,17.36,12.96,11.82,7.51,6.2,6.34,8.73,12.36,14.04,11.96
T2M_RANGE,2024,26,86.25,13.73,15.29,16.34,17.51,12.62,11.17,6.61,5.87,5.88,7.65,10.97,13.37,11.4
T2M_RANGE,2024,26,86.875,13.14,14.72,15.99,17.51,12.13,9.4,5.8,5.78,5.79,7.03,9.56,12.12,10.73
T2M_RANGE,2024,26,87.5,13.17,14.42,15.63,17.6,11.94,8.88,5.87,5.9,6.03,6.99,9.57,12.05,10.65
T2M_RANGE,2024,26,88.125,12.92,14.17,15.07,17.52,11.71,7.09,5.59,5.82,6.08,6.77,9.36,11.83,10.31
T2M_RANGE,2024,26.5,80.625,13.9,15.05,17.13,15.91,14.71,12.16,7.63,6.4,6.27,10.02,13.18,14.9,12.26
T2M_RANGE,2024,26.5,81.25,14,15.12,17.22,16.13,14.72,12.16,6.67,6.16,6.14,9.36,12.8,14.82,12.1
T2M_RANGE,2024,26.5,81.875,14.11,15.39,17.19,16.23,14.47,12.14,6.26,5.91,6.1,8.73,11.93,14.43,11.89
T2M_RANGE,2024,26.5,82.5,14.21,15.73,17.21,16.28,14.4,12.17,6.29,6.15,6.18,8.73,12.41,14.44,12
T2M_RANGE,2024,26.5,83.125,14.19,15.64,17.19,16.22,14.19,12.33,6.14,6.35,6.33,8.78,12.5,14.28,11.99
T2M_RANGE,2024,26.5,83.75,14.09,15.57,17.1,16.34,13.89,12.44,6.36,6.35,6.41,8.75,12.47,14.22,11.98
T2M_RANGE,2024,26.5,84.375,14.08,15.6,16.94,16.8,13.44,12.4,6.56,6.22,6.4,8.88,12.35,14.07,11.96
T2M_RANGE,2024,26.5,85,13.85,15.46,16.57,17.33,12.99,12.11,6.72,6.15,6.42,8.68,12.04,13.74,11.82
T2M_RANGE,2024,26.5,85.625,13.32,15.09,15.94,17.32,12.51,11.46,6.54,5.92,6.07,7.94,11.21,13.23,11.36
T2M_RANGE,2024,26.5,86.25,12.28,14.1,14.78,16.74,11.99,10.49,5.82,5.72,5.74,7.19,9.56,12.18,10.53
T2M_RANGE,2024,26.5,86.875,11.46,13.03,13.65,15.66,11.18,8.34,5.23,5.56,5.6,6.76,8.1,10.71,9.59
T2M_RANGE,2024,26.5,87.5,11.89,13,13.43,15.55,10.96,8.2,5.33,5.6,5.91,6.7,8.4,10.63,9.62
T2M_RANGE,2024,26.5,88.125,10.98,12.78,13.09,15.36,10.71,6.24,4.95,5.31,5.48,6.18,7.38,9.66,8.99
T2M_RANGE,2024,27,80.625,14.13,15.74,17.4,16.28,15,12.16,6.41,6.27,6.36,9.77,12.86,14.94,12.26
T2M_RANGE,2024,27,81.25,14.01,15.6,17.13,16.56,14.83,12.11,5.82,5.87,6.12,9.27,12.47,14.55,12.01
T2M_RANGE,2024,27,81.875,13.63,15.33,16.61,16.42,14.06,12.36,5.61,5.77,6.05,8.48,11.53,13.87,11.62
T2M_RANGE,2024,27,82.5,13.96,15.6,16.77,16.64,14.31,12.7,5.64,5.89,6.19,8.69,11.87,13.97,11.83
T2M_RANGE,2024,27,83.125,13.85,15.27,16.91,16.68,13.74,12.87,5.5,5.84,6.3,8.52,12,13.96,11.77
T2M_RANGE,2024,27,83.75,13.54,15.13,16.68,17.04,13.42,12.67,5.57,5.78,6.07,8,11.01,13.43,11.51
T2M_RANGE,2024,27,84.375,12.98,14.83,15.97,17.12,12.94,12.11,5.7,5.83,5.8,7.79,10.22,12.82,11.15
T2M_RANGE,2024,27,85,12.5,14.1,14.88,16.45,12.2,11.35,5.78,5.84,5.73,7.49,9.83,11.85,10.65
T2M_RANGE,2024,27,85.625,12.06,13.23,13.75,15.24,11.39,10.15,5.59,5.69,5.51,7.01,8.88,10.89,9.93
T2M_RANGE,2024,27,86.25,10.64,12.11,12.41,14.62,10.86,8.92,5.17,5.39,5.39,6.62,7.15,9.57,9.05
T2M_RANGE,2024,27,86.875,9.41,11.2,11.19,13.25,9.87,7.42,4.79,5.14,5.17,6.09,6.3,8.53,8.18
T2M_RANGE,2024,27,87.5,10.09,11.63,11.57,13.59,9.96,7.37,5.07,5.49,5.85,6.01,6.31,8.66,8.45
T2M_RANGE,2024,27,88.125,9.4,11.16,11.22,12.84,9.48,6.22,5.13,5.49,5.71,6.09,6.5,8.36,8.12
T2M_RANGE,2024,27.5,80.625,13.95,15.62,17.09,16.35,15,12.62,6.12,6.15,6.36,10.23,12.97,14.82,12.26
T2M_RANGE,2024,27.5,81.25,13.77,15.34,16.51,16.43,14.49,12.63,5.76,5.91,6.34,9.65,12.84,14.75,12.02
T2M_RANGE,2024,27.5,81.875,13.38,15.13,15.97,16.7,14.11,13.04,5.7,5.79,6.29,8.68,11.84,14.17,11.71
T2M_RANGE,2024,27.5,82.5,13.16,14.55,15.67,16.14,13.45,12.84,5.64,5.62,6.21,8.53,11.33,13.31,11.35
T2M_RANGE,2024,27.5,83.125,12.32,13.96,15.31,15.98,12.94,12.7,5.51,5.62,6.07,7.68,10.28,12.12,10.85
T2M_RANGE,2024,27.5,83.75,12.37,13.88,14.99,16.2,12.67,12.19,5.41,5.71,5.91,7.17,9.28,11.59,10.59
T2M_RANGE,2024,27.5,84.375,11.69,13.58,14.44,15.75,12.4,11.52,5.24,5.64,5.48,6.87,8.19,10.61,10.1
T2M_RANGE,2024,27.5,85,10.32,11.82,12.59,13.85,11.39,10.24,5.1,5.31,5.15,6.05,6.81,8.75,8.93
T2M_RANGE,2024,27.5,85.625,9.58,10.88,11.49,12.88,10.54,9.02,5.05,5.16,5.03,5.85,6.27,8.3,8.32
T2M_RANGE,2024,27.5,86.25,9.59,10.77,10.67,13.14,10.14,8.21,5.56,5.86,5.84,6.83,6.87,8.98,8.53
T2M_RANGE,2024,27.5,86.875,10.61,11.73,11.09,11.83,9.35,8.48,5.74,6.04,5.97,7.24,7.81,10.4,8.85
T2M_RANGE,2024,27.5,87.5,9.9,11.37,11.16,13.32,9.73,7.97,6.28,6.84,7.09,7.28,7.76,9.71,9.02
T2M_RANGE,2024,27.5,88.125,9.88,11.28,10.59,10.73,8.58,7.03,5.91,6.5,6.42,7.1,7.81,9.86,8.46
T2M_RANGE,2024,28,80.625,13.98,15.3,16.74,16.62,15.15,13.31,6.15,6.03,6.46,10.28,13.01,14.86,12.31
T2M_RANGE,2024,28,81.25,12.8,14.51,15.52,16.67,14.54,13.12,5.79,5.89,6.18,8.88,11.71,13.86,11.6
T2M_RANGE,2024,28,81.875,10.94,13.26,14.17,15.99,13.49,12.91,5.76,5.61,6.18,7.2,9.24,11.51,10.5
T2M_RANGE,2024,28,82.5,10.59,12.45,13.45,15.2,12.4,11.79,5.74,5.35,5.96,7.1,8.6,10.68,9.92
T2M_RANGE,2024,28,83.125,9.41,11.36,12.62,14.52,11.35,11.06,5.42,5.18,5.62,6.68,7.12,9.2,9.11
T2M_RANGE,2024,28,83.75,8.71,11,12.32,14.52,10.69,9.77,4.93,5.06,5.36,6.26,6.42,8.45,8.61
T2M_RANGE,2024,28,84.375,9.12,11.1,12.03,14.53,10.39,8.82,4.8,5.02,5.24,5.88,6.08,7.89,8.39
T2M_RANGE,2024,28,85,9.97,11.05,11.31,13.57,10.18,8.82,5.37,5.51,5.68,6.29,6.43,8.38,8.53
T2M_RANGE,2024,28,85.625,10.62,11.48,11.55,13,10.25,9.61,5.95,6.3,6.31,7.08,7.67,10.08,9.15
T2M_RANGE,2024,28,86.25,10.89,11.28,11.12,12.5,10.22,10.13,7.1,7.67,7.51,8.06,8.88,10.59,9.65
T2M_RANGE,2024,28,86.875,13.24,13.02,12.86,11.3,10.16,11.17,7.82,7.92,7.83,9.22,10.71,12.8,10.66
T2M_RANGE,2024,28,87.5,11.92,12.78,11.88,13.24,11.06,11.15,8.64,9.03,8.68,9.63,10.62,12.4,10.91
T2M_RANGE,2024,28,88.125,11.92,13.46,12.37,11.49,10.16,10.4,8.78,9.34,8.67,9.1,10.12,12.39,10.67
T2M_RANGE,2024,28.5,80.625,12.02,14.18,15.07,16.16,14.9,13.4,5.92,5.63,6.14,8.49,10.33,12.45,11.2
T2M_RANGE,2024,28.5,81.25,11.04,12.72,13.64,15.02,13.34,12.53,5.93,5.76,6.07,7.19,9.14,11.04,10.27
T2M_RANGE,2024,28.5,81.875,9.68,11.7,12.95,14.25,12.52,11.88,5.69,5.74,5.89,6.84,7.93,9.54,9.53
T2M_RANGE,2024,28.5,82.5,10.32,12,13.03,14.37,12.38,11.92,6.5,6.56,6.5,7.98,8.53,10.48,10.03
T2M_RANGE,2024,28.5,83.125,10.51,11.4,12.67,13.82,11.72,11.62,6.32,6.58,6.89,8.44,9.18,10.91,9.99
T2M_RANGE,2024,28.5,83.75,9.84,10.93,12.03,12.37,10.32,9.68,5.9,6.26,6.43,7.38,8.26,9.85,9.09
T2M_RANGE,2024,28.5,84.375,9.85,10.02,11.31,11.67,9.3,8.48,5.86,6.38,6.35,7.19,7.98,9.27,8.63
T2M_RANGE,2024,28.5,85,11.5,10.68,11.27,12.15,9.81,9.76,7.27,7.7,7.4,8.08,8.48,10.17,9.52
T2M_RANGE,2024,28.5,85.625,12.45,12.04,11.82,11.48,10.27,11.2,8.58,8.95,8.67,8.69,9.74,11.94,10.48
T2M_RANGE,2024,28.5,86.25,13.5,13.54,13.29,12.33,11.88,13.67,10.47,10.6,10.62,10.49,11.71,13.32,12.11
T2M_RANGE,2024,28.5,86.875,14.64,14.79,14.54,13.53,13.28,15.06,11.66,11.33,11.61,11.87,12.7,14.41,13.28
T2M_RANGE,2024,28.5,87.5,14.15,15.26,13.92,13.97,13.87,15.38,12.08,11.9,11.68,12.32,12.54,14.92,13.49
T2M_RANGE,2024,28.5,88.125,13.91,15.56,14.12,14.41,13.85,15.14,12.55,12.65,12.11,12.48,12.42,15.08,13.68
T2M_RANGE,2024,29,80.625,11.68,13.08,13.93,14.9,14.47,13.4,6.81,6.14,6.9,8.46,9.73,11.43,10.9
T2M_RANGE,2024,29,81.25,11.39,13.07,13.9,14.84,13.61,12.86,6.59,6.19,6.44,7.82,8.83,11.11,10.54
T2M_RANGE,2024,29,81.875,9.94,11.56,12.49,13.33,12.04,11.8,6.42,6.48,6.28,7.44,8.5,10.32,9.7
T2M_RANGE,2024,29,82.5,9.39,9.94,11.54,12.88,12.08,12.25,7.09,7.56,7.12,9.52,9.35,9.37,9.83
T2M_RANGE,2024,29,83.125,11.72,11.3,11.37,10.91,11.77,11.89,8.25,9.56,9.17,10.78,10.4,11.37,10.71
T2M_RANGE,2024,29,83.75,13.72,13.02,13.4,11.61,11.68,12.38,9.16,10.19,9.62,10.5,11.72,12.95,11.66
T2M_RANGE,2024,29,84.375,14.52,13.4,13.71,11.36,11.6,13.17,10.32,10.81,10.41,11.08,12.28,13.7,12.19
T2M_RANGE,2024,29,85,14.42,13.94,13.89,11.89,12.2,14.06,11.24,11.37,11.08,11.19,12.4,14.23,12.66
T2M_RANGE,2024,29,85.625,14.21,14.79,14.07,12.56,13.04,15.05,12.08,11.96,11.68,11.19,12.32,14.78,13.14
T2M_RANGE,2024,29,86.25,14.74,15.2,14.57,13.61,14.44,16.59,13.35,13.06,12.86,12.71,13.16,15.45,14.14
T2M_RANGE,2024,29,86.875,15.23,15.74,14.88,15.35,15.78,17.68,14.85,13.66,14.26,14.78,13.76,15.98,15.16
T2M_RANGE,2024,29,87.5,14.45,15.83,14.13,15.85,15.76,17.62,14.35,13.27,13.95,14.9,13.42,15.85,14.94
T2M_RANGE,2024,29,88.125,13.77,15.56,13.99,16.92,15.79,17.58,14.15,13.62,13.92,15.3,13.45,15.42,14.95
T2M_RANGE,2024,29.5,80.625,11.42,12.48,12.98,14.3,13.11,12.27,6.39,6.03,6.32,8.08,8.66,11,10.24
T2M_RANGE,2024,29.5,81.25,12.08,12.45,13.11,13.29,12.67,12.24,6.77,6.94,7.19,8.58,9.15,11.91,10.52
T2M_RANGE,2024,29.5,81.875,12.07,12.54,13.44,14.08,12.98,12.59,7.69,7.93,8.17,9.68,10.68,12.09,11.15
T2M_RANGE,2024,29.5,82.5,12.45,11.27,11.13,11.48,11.96,12.25,8.56,9.22,8.71,10.87,10.32,11.3,10.79
T2M_RANGE,2024,29.5,83.125,12.77,12.45,13.2,11.47,12.68,13.46,10.75,11.39,10.94,10.96,12.15,13,12.1
T2M_RANGE,2024,29.5,83.75,13.76,13.85,14.35,13.11,13.36,14.98,12.1,12.03,12,12.84,13.65,13.88,13.32
T2M_RANGE,2024,29.5,84.375,13.78,14.66,14.3,12.53,13.5,15.52,13.02,12.79,12.58,12.64,12.97,14.22,13.54
T2M_RANGE,2024,29.5,85,13.25,14.18,13.93,12.48,13.12,15.31,12.63,12.48,12.3,12.1,12.77,14.34,13.24
T2M_RANGE,2024,29.5,85.625,13.9,14.62,14.46,12.79,13.53,16.03,12.77,12.6,12.49,12.1,13.25,14.92,13.62
T2M_RANGE,2024,29.5,86.25,14.5,15.02,14.9,12.79,14.01,17.26,13.4,13.08,12.81,12.6,13.77,15.45,14.13
T2M_RANGE,2024,29.5,86.875,14.76,15.46,14.88,13.84,14.53,17.84,14.11,12.99,13.14,13.84,13.86,15.86,14.59
T2M_RANGE,2024,29.5,87.5,13.78,15.43,13.9,14.4,15.15,17.29,14.08,13.04,13.3,13.87,13.01,15.74,14.41
T2M_RANGE,2024,29.5,88.125,12.8,14.98,13.53,14.48,15.16,16.85,13.95,13.26,12.98,13.59,12.66,15.11,14.11
T2M_RANGE,2024,30,80.625,12.57,11.85,12.03,12.55,12.62,11.75,7.55,7.07,7.22,9.22,10.06,11.49,10.49
T2M_RANGE,2024,30,81.25,13.08,11.72,11.73,10.64,12.13,12.37,9.29,9.03,9.19,10.74,11.29,12.36,11.13
T2M_RANGE,2024,30,81.875,13.4,12.32,12.52,13.13,13.14,13.11,9.56,9.65,9.47,11.11,12.23,12.38,11.83
T2M_RANGE,2024,30,82.5,12.89,11.56,13.4,9.98,11.51,12.45,10.45,10.55,10.14,10.16,11.26,12.46,11.4
T2M_RANGE,2024,30,83.125,14.75,13.41,14.79,11.6,13.52,15.1,13.07,13.04,12.63,12.13,13.33,13.66,13.42
T2M_RANGE,2024,30,83.75,14.33,14.34,14.57,12.44,14.58,16.24,13.72,13.63,13.47,12.96,13.61,14.52,14.03
T2M_RANGE,2024,30,84.375,13.2,13.48,13.7,12.57,12.54,14.45,12.31,12.08,12.13,12.21,13.27,13.92,12.98
T2M_RANGE,2024,30,85,13.26,13.27,13.81,12.97,11.91,14.63,12.08,11.81,11.88,12.15,13.51,13.98,12.93
T2M_RANGE,2024,30,85.625,14.08,14.35,14.56,12.78,12.68,16.28,12.71,12.56,12.59,12.52,14.1,14.71,13.65
T2M_RANGE,2024,30,86.25,14.2,15.19,14.91,11.99,13.11,16.95,13.05,13.16,12.67,12.4,14.24,15.29,13.92
T2M_RANGE,2024,30,86.875,13.73,15.14,14.94,12.23,13.76,17.58,13.43,13.61,12.78,12.63,14.14,15.44,14.11
T2M_RANGE,2024,30,87.5,12.77,15.02,14.38,12.5,14.37,17.18,13.68,13.42,12.84,12.57,13.39,15.38,13.95
T2M_RANGE,2024,30,88.125,12.16,14.57,14.03,12.31,14.45,16.74,13.34,13.37,12.75,12.28,12.94,15.07,13.66
T2M_RANGE,2025,26,80.625,15.96,17.56,18.39,17.11,13.26,9.78,,,,,,,
T2M_RANGE,2025,26,81.25,15.98,17.74,18.34,16.83,13.19,9.69,,,,,,,
T2M_RANGE,2025,26,81.875,15.78,17.75,18.29,16.72,12.97,9.74,,,,,,,
T2M_RANGE,2025,26,82.5,15.77,17.96,18.3,16.76,12.99,9.93,,,,,,,
T2M_RANGE,2025,26,83.125,15.7,17.96,18.27,16.6,12.86,9.75,,,,,,,
T2M_RANGE,2025,26,83.75,15.63,17.8,18.28,16.44,12.63,9.95,,,,,,,
T2M_RANGE,2025,26,84.375,15.79,17.76,18.17,16.16,12.43,10.22,,,,,,,
T2M_RANGE,2025,26,85,15.74,17.74,18.04,15.82,12.29,10.62,,,,,,,
T2M_RANGE,2025,26,85.625,15.42,17.61,17.94,15.61,12.16,10.73,,,,,,,
T2M_RANGE,2025,26,86.25,14.67,16.97,17.52,15.03,11.89,10.52,,,,,,,
T2M_RANGE,2025,26,86.875,13.69,16.48,17.2,14.59,11.42,9.62,,,,,,,
T2M_RANGE,2025,26,87.5,13.1,15.96,16.77,14.19,11.37,9.45,,,,,,,
T2M_RANGE,2025,26,88.125,12.74,15.61,16.63,13.75,10.45,7.69,,,,,,,
T2M_RANGE,2025,26.5,80.625,15.9,17.59,18.28,16.68,13.15,9.93,,,,,,,
T2M_RANGE,2025,26.5,81.25,15.97,17.73,18.28,16.49,13.18,10.03,,,,,,,
T2M_RANGE,2025,26.5,81.875,15.75,17.62,18.26,16.55,13.05,10.15,,,,,,,
T2M_RANGE,2025,26.5,82.5,15.76,17.68,18.26,16.6,13.04,10.25,,,,,,,
T2M_RANGE,2025,26.5,83.125,15.69,17.62,18.12,16.46,12.83,10.19,,,,,,,
T2M_RANGE,2025,26.5,83.75,15.51,17.49,18.04,16.03,12.55,10.33,,,,,,,
T2M_RANGE,2025,26.5,84.375,15.38,17.43,17.99,15.79,12.43,10.52,,,,,,,
T2M_RANGE,2025,26.5,85,15,17.17,17.81,15.44,12.15,10.63,,,,,,,
T2M_RANGE,2025,26.5,85.625,14.45,16.57,17.06,14.97,11.69,10.49,,,,,,,
T2M_RANGE,2025,26.5,86.25,13.2,15.11,15.67,14.01,11.3,10.22,,,,,,,
T2M_RANGE,2025,26.5,86.875,12.03,13.78,14.37,12.91,10.48,9.05,,,,,,,
T2M_RANGE,2025,26.5,87.5,11.68,13.41,14.23,12.55,10.45,8.77,,,,,,,
T2M_RANGE,2025,26.5,88.125,10.84,12.97,14,11.9,9.24,6.9,,,,,,,
T2M_RANGE,2025,27,80.625,15.97,17.68,18.23,16.65,13.33,10.2,,,,,,,
T2M_RANGE,2025,27,81.25,15.76,17.63,18.14,16.35,13.14,10.19,,,,,,,
T2M_RANGE,2025,27,81.875,15.3,17.15,17.83,15.98,12.91,9.92,,,,,,,
T2M_RANGE,2025,27,82.5,15.56,17.22,18.08,16.25,12.92,10.36,,,,,,,
T2M_RANGE,2025,27,83.125,15.4,16.93,18.07,15.87,12.57,10.14,,,,,,,
T2M_RANGE,2025,27,83.75,14.96,16.68,17.86,15.28,12.31,10.1,,,,,,,
T2M_RANGE,2025,27,84.375,14.33,16.09,17.16,14.72,12.17,10.28,,,,,,,
T2M_RANGE,2025,27,85,13.24,14.82,15.85,13.99,11.79,10.1,,,,,,,
T2M_RANGE,2025,27,85.625,12.05,13.48,14.05,12.91,11.03,9.55,,,,,,,
T2M_RANGE,2025,27,86.25,10.61,11.9,12.59,11.71,10.04,8.92,,,,,,,
T2M_RANGE,2025,27,86.875,9.58,10.75,11.65,10.57,8.98,7.92,,,,,,,
T2M_RANGE,2025,27,87.5,9.96,11.26,11.84,10.68,9.11,7.96,,,,,,,
T2M_RANGE,2025,27,88.125,9.42,10.54,11.86,10.14,8.28,7.05,,,,,,,
T2M_RANGE,2025,27.5,80.625,15.92,17.24,18.09,16.54,13.13,10.26,,,,,,,
T2M_RANGE,2025,27.5,81.25,15.82,17.11,17.76,15.9,12.95,9.94,,,,,,,
T2M_RANGE,2025,27.5,81.875,15.48,16.83,17.68,15.66,12.79,9.51,,,,,,,
T2M_RANGE,2025,27.5,82.5,14.65,15.88,17.03,15.03,12.32,9.43,,,,,,,
T2M_RANGE,2025,27.5,83.125,13.61,15.1,16.53,14.3,12.07,9.25,,,,,,,
T2M_RANGE,2025,27.5,83.75,13.06,14.96,16.31,14.11,11.83,9.18,,,,,,,
T2M_RANGE,2025,27.5,84.375,12.37,14.25,15.61,13.84,11.55,8.95,,,,,,,
T2M_RANGE,2025,27.5,85,10.46,12.08,13,12.29,10.75,8.26,,,,,,,
T2M_RANGE,2025,27.5,85.625,9.51,10.64,10.83,10.62,9.55,7.86,,,,,,,
T2M_RANGE,2025,27.5,86.25,9.43,10.24,10.67,10.23,8.71,8.09,,,,,,,
T2M_RANGE,2025,27.5,86.875,10.95,11.47,12.53,9.77,8.9,8.1,,,,,,,
T2M_RANGE,2025,27.5,87.5,10.59,10.73,11.76,10.35,8.93,8.61,,,,,,,
T2M_RANGE,2025,27.5,88.125,10.59,10.98,11.91,9.51,8.22,7.78,,,,,,,
T2M_RANGE,2025,28,80.625,16.05,17,18.15,16.6,13.4,10.53,,,,,,,
T2M_RANGE,2025,28,81.25,15.28,16.24,17.34,15.35,12.74,9.56,,,,,,,
T2M_RANGE,2025,28,81.875,12.95,14.24,16.13,14.39,12.05,8.96,,,,,,,
T2M_RANGE,2025,28,82.5,11.93,12.99,15.04,13.77,11.33,8.3,,,,,,,
T2M_RANGE,2025,28,83.125,10.54,12.01,13.78,12.46,10.2,7.75,,,,,,,
T2M_RANGE,2025,28,83.75,9.82,12.01,13.72,11.91,9.36,6.97,,,,,,,
T2M_RANGE,2025,28,84.375,9.75,11.63,13.44,11.87,8.82,6.55,,,,,,,
T2M_RANGE,2025,28,85,9.79,10.96,11.97,11.44,8.84,7.24,,,,,,,
T2M_RANGE,2025,28,85.625,11,11.29,11.66,10.56,9.08,8.36,,,,,,,
T2M_RANGE,2025,28,86.25,10.98,11.23,12.17,10.1,8.9,9.13,,,,,,,
T2M_RANGE,2025,28,86.875,13.79,13.55,15.6,10.36,9.67,9.45,,,,,,,
T2M_RANGE,2025,28,87.5,13.07,12.69,14.08,10.94,10.49,10.91,,,,,,,
T2M_RANGE,2025,28,88.125,13.1,13.37,13.52,10.37,10.23,10.77,,,,,,,
T2M_RANGE,2025,28.5,80.625,14.09,15.15,16.94,15.76,12.96,10.28,,,,,,,
T2M_RANGE,2025,28.5,81.25,12.21,13.51,15.53,14.57,11.98,9.07,,,,,,,
T2M_RANGE,2025,28.5,81.875,10.45,12.27,14.6,14.03,11.16,8.46,,,,,,,
T2M_RANGE,2025,28.5,82.5,11.26,12.51,14.16,13.5,10.86,9,,,,,,,
T2M_RANGE,2025,28.5,83.125,11.7,12.4,13.62,12.13,9.76,8.59,,,,,,,
T2M_RANGE,2025,28.5,83.75,10.6,11.46,12.74,10.91,8.67,7.58,,,,,,,
T2M_RANGE,2025,28.5,84.375,10.14,10.2,11.84,10.43,7.99,7.25,,,,,,,
T2M_RANGE,2025,28.5,85,10.66,10.26,11.84,10.57,8.97,8.93,,,,,,,
T2M_RANGE,2025,28.5,85.625,12.55,11.72,13.98,10.4,9.65,10.59,,,,,,,
T2M_RANGE,2025,28.5,86.25,14.03,13.77,16.44,11.37,11.28,12.31,,,,,,,
T2M_RANGE,2025,28.5,86.875,15.36,15.15,17.27,12.43,12.7,13.23,,,,,,,
T2M_RANGE,2025,28.5,87.5,15.6,15.48,16.08,12.13,13.42,14.13,,,,,,,
T2M_RANGE,2025,28.5,88.125,15.4,15.34,14.92,12.84,13.72,14.61,,,,,,,
T2M_RANGE,2025,29,80.625,11.8,13.98,15.97,16.07,13.34,10.97,,,,,,,
T2M_RANGE,2025,29,81.25,11.82,14.4,15.9,15.18,12.2,10.02,,,,,,,
T2M_RANGE,2025,29,81.875,10.93,12.04,13.88,13.24,10.38,8.99,,,,,,,
T2M_RANGE,2025,29,82.5,10.13,10.54,12.52,12.38,10.31,9.65,,,,,,,
T2M_RANGE,2025,29,83.125,11.5,11.23,12.03,11.11,10.58,10.64,,,,,,,
T2M_RANGE,2025,29,83.75,13.47,13.4,14.03,11.58,10.15,10.82,,,,,,,
T2M_RANGE,2025,29,84.375,14.5,14.12,14.61,11.83,10.65,11.74,,,,,,,
T2M_RANGE,2025,29,85,14.96,14.59,15.66,11.88,11.62,12.72,,,,,,,
T2M_RANGE,2025,29,85.625,15.18,15.22,16.38,11.98,12.79,13.96,,,,,,,
T2M_RANGE,2025,29,86.25,15.79,15.64,17.03,12.69,14.48,15.52,,,,,,,
T2M_RANGE,2025,29,86.875,16.51,16.09,16.37,13.92,15.64,16.31,,,,,,,
T2M_RANGE,2025,29,87.5,16.35,15.67,15.33,14.19,15.35,15.78,,,,,,,
T2M_RANGE,2025,29,88.125,15.58,14.82,14.95,15.3,15.6,16.28,,,,,,,
T2M_RANGE,2025,29.5,80.625,11.7,12.91,14.41,14.09,11.38,10.12,,,,,,,
T2M_RANGE,2025,29.5,81.25,12.21,12.77,14.95,13.94,11.06,9.92,,,,,,,
T2M_RANGE,2025,29.5,81.875,12.52,12.73,14.75,14.79,11.53,10.53,,,,,,,
T2M_RANGE,2025,29.5,82.5,10.78,10.42,12.06,12.22,11.37,11.02,,,,,,,
T2M_RANGE,2025,29.5,83.125,12.58,12.69,15.49,11.98,11.79,12.85,,,,,,,
T2M_RANGE,2025,29.5,83.75,13.9,14.23,16.03,13.5,12.01,13.22,,,,,,,
T2M_RANGE,2025,29.5,84.375,14.64,14.97,15.41,12.79,12.55,14.02,,,,,,,
T2M_RANGE,2025,29.5,85,14.71,14.43,15.13,12.84,12.59,13.99,,,,,,,
T2M_RANGE,2025,29.5,85.625,15.44,14.94,15.94,12.83,13.26,14.59,,,,,,,
T2M_RANGE,2025,29.5,86.25,15.94,15.36,16.02,12.52,14.04,15.42,,,,,,,
T2M_RANGE,2025,29.5,86.875,16.58,15.68,15.65,13.17,14.64,15.76,,,,,,,
T2M_RANGE,2025,29.5,87.5,16.41,15.32,14.62,13.38,15.05,15.81,,,,,,,
T2M_RANGE,2025,29.5,88.125,15.82,14.49,14.4,13.57,15.25,16.14,,,,,,,
T2M_RANGE,2025,30,80.625,11.09,10.7,14.25,13.51,11.06,10.07,,,,,,,
T2M_RANGE,2025,30,81.25,11.7,11.39,14.66,12.21,11.11,10.89,,,,,,,
T2M_RANGE,2025,30,81.875,12.03,11.81,14.54,14.45,12.13,12.08,,,,,,,
T2M_RANGE,2025,30,82.5,11.77,11.24,15.85,11.82,11.04,12.25,,,,,,,
T2M_RANGE,2025,30,83.125,13.7,13.22,17.38,12.78,12.77,14.52,,,,,,,
T2M_RANGE,2025,30,83.75,14.53,14.52,16.04,13.19,13.46,15.15,,,,,,,
T2M_RANGE,2025,30,84.375,14.32,13.54,14.67,13.05,11.73,13.57,,,,,,,
T2M_RANGE,2025,30,85,14.45,13.16,14.58,13.34,11.17,13.12,,,,,,,
T2M_RANGE,2025,30,85.625,15.45,14.32,15.52,12.65,12.05,13.91,,,,,,,
T2M_RANGE,2025,30,86.25,16.12,15.1,15.62,11.73,12.67,14.39,,,,,,,
T2M_RANGE,2025,30,86.875,16.16,14.98,15.45,11.95,13.54,15.19,,,,,,,
T2M_RANGE,2025,30,87.5,15.96,14.53,14.81,11.85,14.24,15.51,,,,,,,
T2M_RANGE,2025,30,88.125,15.66,14.03,14.36,11.83,14.31,15.72,,,,,,,
